0 verbose cli C:\Program Files\nodejs\node.exe C:\Program Files\nodejs\node_modules\npm\bin\npm-cli.js
1 info using npm@11.19.0
2 info using node@v24.20.0
3 silly config load:file:C:\Program Files\nodejs\node_modules\npm\npmrc
4 silly config load:file:C:\Users\user\Downloads\QTM-WEBSITE\.npmrc
5 silly config load:file:C:\Users\user\.npmrc
6 silly config load:file:C:\Users\user\AppData\Roaming\npm\etc\npmrc
7 verbose title npm install
8 verbose argv "install"
9 verbose logfile logs-max:10 dir:C:\Users\user\Downloads\QTM-WEBSITE\.sites-runtime\npm-cache\_logs\2026-09-09T12_33_30_227Z-
10 verbose logfile C:\Users\user\Downloads\QTM-WEBSITE\.sites-runtime\npm-cache\_logs\2026-09-09T12_33_30_227Z-debug-0.log
11 silly logfile done cleaning log files
12 silly packumentCache heap:4496293888 maxSize:1124073472 maxEntrySize:562036736
13 silly idealTree buildDeps
14 silly fetch manifest resend@^3.0.0
15 silly packumentCache full:https://registry.npmjs.org/resend cache-miss
16 http fetch GET 200 https://registry.npmjs.org/resend 335ms (cache revalidated)
17 silly packumentCache full:https://registry.npmjs.org/resend set size:525544 disposed:false
18 silly placeDep ROOT resend@3.5.0 OK for: qtm-group@0.1.0 want: ^3.0.0
19 silly fetch manifest @react-email/render@0.0.16
20 silly packumentCache full:https://registry.npmjs.org/@react-email%2frender cache-miss
21 http fetch GET 200 https://registry.npmjs.org/@react-email%2frender 598ms (cache revalidated)
22 silly packumentCache full:https://registry.npmjs.org/@react-email%2frender set size:262044 disposed:false
23 silly fetch manifest react@^18.2.0
24 silly packumentCache full:https://registry.npmjs.org/react cache-miss
25 http fetch GET 200 https://registry.npmjs.org/react 426ms (cache updated)
26 silly packumentCache full:https://registry.npmjs.org/react set size:undefined disposed:false
27 silly fetch manifest react-dom@^18.2.0
28 silly packumentCache full:https://registry.npmjs.org/react-dom cache-miss
29 http fetch GET 200 https://registry.npmjs.org/react-dom 223ms (cache updated)
30 silly packumentCache full:https://registry.npmjs.org/react-dom set size:undefined disposed:false
31 silly placeDep node_modules/resend @react-email/render@0.0.16 OK for: resend@3.5.0 want: 0.0.16
32 silly placeDep node_modules/resend react@18.3.1 OK for: @react-email/render@0.0.16 want: ^18.2.0
33 silly placeDep node_modules/resend react-dom@18.3.1 OK for: @react-email/render@0.0.16 want: ^18.2.0
34 silly fetch manifest js-beautify@^1.14.11
35 silly packumentCache full:https://registry.npmjs.org/js-beautify cache-miss
36 silly fetch manifest html-to-text@9.0.5
37 silly packumentCache full:https://registry.npmjs.org/html-to-text cache-miss
38 silly fetch manifest react-promise-suspense@0.3.4
39 silly packumentCache full:https://registry.npmjs.org/react-promise-suspense cache-miss
40 silly fetch manifest scheduler@^0.23.2
41 silly packumentCache full:https://registry.npmjs.org/scheduler cache-miss
42 http fetch GET 200 https://registry.npmjs.org/scheduler 224ms (cache updated)
43 silly packumentCache full:https://registry.npmjs.org/scheduler set size:undefined disposed:false
44 http fetch GET 200 https://registry.npmjs.org/html-to-text 284ms (cache revalidated)
45 silly packumentCache full:https://registry.npmjs.org/html-to-text set size:148187 disposed:false
46 http fetch GET 200 https://registry.npmjs.org/react-promise-suspense 289ms (cache revalidated)
47 silly packumentCache full:https://registry.npmjs.org/react-promise-suspense set size:20579 disposed:false
48 http fetch GET 200 https://registry.npmjs.org/js-beautify 292ms (cache revalidated)
49 silly packumentCache full:https://registry.npmjs.org/js-beautify set size:396388 disposed:false
50 silly placeDep ROOT html-to-text@9.0.5 OK for: @react-email/render@0.0.16 want: 9.0.5
51 silly placeDep ROOT js-beautify@1.15.4 OK for: @react-email/render@0.0.16 want: ^1.14.11
52 silly placeDep ROOT react-promise-suspense@0.3.4 OK for: @react-email/render@0.0.16 want: 0.3.4
53 silly fetch manifest selderee@^0.11.0
54 silly packumentCache full:https://registry.npmjs.org/selderee cache-miss
55 silly fetch manifest deepmerge@^4.3.1
56 silly packumentCache full:https://registry.npmjs.org/deepmerge cache-miss
57 silly fetch manifest htmlparser2@^8.0.2
58 silly packumentCache full:https://registry.npmjs.org/htmlparser2 cache-miss
59 silly fetch manifest dom-serializer@^2.0.0
60 silly packumentCache full:https://registry.npmjs.org/dom-serializer cache-miss
61 silly fetch manifest @selderee/plugin-htmlparser2@^0.11.0
62 silly packumentCache full:https://registry.npmjs.org/@selderee%2fplugin-htmlparser2 cache-miss
63 silly fetch manifest glob@^10.4.2
64 silly packumentCache full:https://registry.npmjs.org/glob cache-miss
65 silly fetch manifest nopt@^7.2.1
66 silly packumentCache full:https://registry.npmjs.org/nopt cache-miss
67 silly fetch manifest js-cookie@^3.0.5
68 silly packumentCache full:https://registry.npmjs.org/js-cookie cache-miss
69 silly fetch manifest config-chain@^1.1.13
70 silly packumentCache full:https://registry.npmjs.org/config-chain cache-miss
71 silly fetch manifest editorconfig@^1.0.4
72 silly packumentCache full:https://registry.npmjs.org/editorconfig cache-miss
73 silly fetch manifest fast-deep-equal@^2.0.1
74 silly packumentCache full:https://registry.npmjs.org/fast-deep-equal cache-miss
75 http fetch GET 200 https://registry.npmjs.org/dom-serializer 41ms (cache revalidated)
76 silly packumentCache full:https://registry.npmjs.org/dom-serializer set size:61296 disposed:false
77 http fetch GET 200 https://registry.npmjs.org/nopt 80ms (cache revalidated)
78 silly packumentCache full:https://registry.npmjs.org/nopt set size:76679 disposed:false
79 http fetch GET 200 https://registry.npmjs.org/htmlparser2 84ms (cache revalidated)
80 silly packumentCache full:https://registry.npmjs.org/htmlparser2 set size:176895 disposed:false
81 http fetch GET 200 https://registry.npmjs.org/fast-deep-equal 89ms (cache revalidated)
82 silly packumentCache full:https://registry.npmjs.org/fast-deep-equal set size:48634 disposed:false
83 http fetch GET 200 https://registry.npmjs.org/glob 92ms (cache revalidated)
84 silly packumentCache full:https://registry.npmjs.org/glob set size:469465 disposed:false
85 http fetch GET 200 https://registry.npmjs.org/deepmerge 264ms (cache revalidated)
86 silly packumentCache full:https://registry.npmjs.org/deepmerge set size:101897 disposed:false
87 http fetch GET 200 https://registry.npmjs.org/selderee 266ms (cache revalidated)
88 silly packumentCache full:https://registry.npmjs.org/selderee set size:29602 disposed:false
89 http fetch GET 200 https://registry.npmjs.org/editorconfig 303ms (cache revalidated)
90 silly packumentCache full:https://registry.npmjs.org/editorconfig set size:80333 disposed:false
91 http fetch GET 200 https://registry.npmjs.org/config-chain 311ms (cache revalidated)
92 silly packumentCache full:https://registry.npmjs.org/config-chain set size:38691 disposed:false
93 http fetch GET 200 https://registry.npmjs.org/js-cookie 316ms (cache revalidated)
94 silly packumentCache full:https://registry.npmjs.org/js-cookie set size:107067 disposed:false
95 http fetch GET 200 https://registry.npmjs.org/@selderee%2fplugin-htmlparser2 606ms (cache revalidated)
96 silly packumentCache full:https://registry.npmjs.org/@selderee%2fplugin-htmlparser2 set size:22756 disposed:false
97 silly placeDep ROOT @selderee/plugin-htmlparser2@0.11.0 OK for: html-to-text@9.0.5 want: ^0.11.0
98 silly placeDep ROOT deepmerge@4.3.1 OK for: html-to-text@9.0.5 want: ^4.3.1
99 silly placeDep ROOT dom-serializer@2.0.0 OK for: html-to-text@9.0.5 want: ^2.0.0
100 silly placeDep ROOT htmlparser2@8.0.2 OK for: html-to-text@9.0.5 want: ^8.0.2
101 silly placeDep ROOT selderee@0.11.0 OK for: html-to-text@9.0.5 want: ^0.11.0
102 silly fetch manifest domhandler@^5.0.3
103 silly packumentCache full:https://registry.npmjs.org/domhandler cache-miss
104 silly fetch manifest entities@^4.2.0
105 silly packumentCache full:https://registry.npmjs.org/entities cache-miss
106 silly fetch manifest domhandler@^5.0.2
107 silly packumentCache full:https://registry.npmjs.org/domhandler cache-miss
108 silly fetch manifest domelementtype@^2.3.0
109 silly packumentCache full:https://registry.npmjs.org/domelementtype cache-miss
110 silly fetch manifest domutils@^3.0.1
111 silly packumentCache full:https://registry.npmjs.org/domutils cache-miss
112 silly fetch manifest entities@^4.4.0
113 silly packumentCache full:https://registry.npmjs.org/entities cache-miss
114 silly fetch manifest domhandler@^5.0.3
115 silly packumentCache full:https://registry.npmjs.org/domhandler cache-miss
116 silly fetch manifest domelementtype@^2.3.0
117 silly packumentCache full:https://registry.npmjs.org/domelementtype cache-miss
118 silly fetch manifest parseley@^0.12.0
119 silly packumentCache full:https://registry.npmjs.org/parseley cache-miss
120 http fetch GET 200 https://registry.npmjs.org/domelementtype 32ms (cache revalidated)
121 silly packumentCache full:https://registry.npmjs.org/domelementtype set size:33363 disposed:false
122 http fetch GET 200 https://registry.npmjs.org/domelementtype 40ms (cache revalidated)
123 silly packumentCache full:https://registry.npmjs.org/domelementtype set size:33363 disposed:false
124 silly packumentCache full:https://registry.npmjs.org/domelementtype dispose
125 http fetch GET 200 https://registry.npmjs.org/domutils 45ms (cache revalidated)
126 silly packumentCache full:https://registry.npmjs.org/domutils set size:110068 disposed:false
127 http fetch GET 200 https://registry.npmjs.org/entities 276ms (cache revalidated)
128 silly packumentCache full:https://registry.npmjs.org/entities set size:104868 disposed:false
129 http fetch GET 200 https://registry.npmjs.org/entities 280ms (cache revalidated)
130 silly packumentCache full:https://registry.npmjs.org/entities set size:104868 disposed:false
131 silly packumentCache full:https://registry.npmjs.org/entities dispose
132 http fetch GET 200 https://registry.npmjs.org/parseley 285ms (cache revalidated)
133 silly packumentCache full:https://registry.npmjs.org/parseley set size:50294 disposed:false
134 http fetch GET 200 https://registry.npmjs.org/domhandler 555ms (cache revalidated)
135 silly packumentCache full:https://registry.npmjs.org/domhandler set size:78187 disposed:false
136 http fetch GET 200 https://registry.npmjs.org/domhandler 555ms (cache revalidated)
137 silly packumentCache full:https://registry.npmjs.org/domhandler set size:78187 disposed:false
138 silly packumentCache full:https://registry.npmjs.org/domhandler dispose
139 http fetch GET 200 https://registry.npmjs.org/domhandler 559ms (cache revalidated)
140 silly packumentCache full:https://registry.npmjs.org/domhandler set size:78187 disposed:true
141 silly packumentCache full:https://registry.npmjs.org/domhandler dispose
142 silly placeDep ROOT domhandler@5.0.3 OK for: @selderee/plugin-htmlparser2@0.11.0 want: ^5.0.3
143 silly placeDep ROOT domelementtype@2.3.0 OK for: dom-serializer@2.0.0 want: ^2.3.0
144 silly placeDep ROOT entities@4.5.0 OK for: dom-serializer@2.0.0 want: ^4.2.0
145 silly placeDep ROOT domutils@3.2.2 OK for: htmlparser2@8.0.2 want: ^3.0.1
146 silly placeDep ROOT config-chain@1.1.13 OK for: js-beautify@1.15.4 want: ^1.1.13
147 silly placeDep ROOT editorconfig@1.0.7 OK for: js-beautify@1.15.4 want: ^1.0.4
148 silly placeDep ROOT glob@10.5.0 OK for: js-beautify@1.15.4 want: ^10.4.2
149 silly placeDep ROOT js-cookie@3.0.8 OK for: js-beautify@1.15.4 want: ^3.0.5
150 silly placeDep ROOT nopt@7.2.1 OK for: js-beautify@1.15.4 want: ^7.2.1
151 silly fetch manifest proto-list@~1.2.1
152 silly packumentCache full:https://registry.npmjs.org/proto-list cache-miss
153 silly fetch manifest ini@^1.3.4
154 silly packumentCache full:https://registry.npmjs.org/ini cache-miss
155 silly fetch manifest semver@^7.5.3
156 silly packumentCache full:https://registry.npmjs.org/semver cache-miss
157 silly fetch manifest commander@^10.0.0
158 silly packumentCache full:https://registry.npmjs.org/commander cache-miss
159 silly fetch manifest minimatch@^9.0.1
160 silly packumentCache full:https://registry.npmjs.org/minimatch cache-miss
161 silly fetch manifest @one-ini/wasm@0.1.1
162 silly packumentCache full:https://registry.npmjs.org/@one-ini%2fwasm cache-miss
163 silly fetch manifest minipass@^7.1.2
164 silly packumentCache full:https://registry.npmjs.org/minipass cache-miss
165 silly fetch manifest jackspeak@^3.1.2
166 silly packumentCache full:https://registry.npmjs.org/jackspeak cache-miss
167 silly fetch manifest minimatch@^9.0.4
168 silly packumentCache full:https://registry.npmjs.org/minimatch cache-miss
169 silly fetch manifest path-scurry@^1.11.1
170 silly packumentCache full:https://registry.npmjs.org/path-scurry cache-miss
171 silly fetch manifest foreground-child@^3.1.0
172 silly packumentCache full:https://registry.npmjs.org/foreground-child cache-miss
173 silly fetch manifest package-json-from-dist@^1.0.0
174 silly packumentCache full:https://registry.npmjs.org/package-json-from-dist cache-miss
175 silly fetch manifest abbrev@^2.0.0
176 silly packumentCache full:https://registry.npmjs.org/abbrev cache-miss
177 http fetch GET 200 https://registry.npmjs.org/ini 38ms (cache revalidated)
178 silly packumentCache full:https://registry.npmjs.org/ini set size:59124 disposed:false
179 http fetch GET 200 https://registry.npmjs.org/minimatch 44ms (cache revalidated)
180 silly packumentCache full:https://registry.npmjs.org/minimatch set size:377924 disposed:false
181 http fetch GET 200 https://registry.npmjs.org/minimatch 50ms (cache revalidated)
182 silly packumentCache full:https://registry.npmjs.org/minimatch set size:377924 disposed:false
183 silly packumentCache full:https://registry.npmjs.org/minimatch dispose
184 http fetch GET 200 https://registry.npmjs.org/commander 54ms (cache revalidated)
185 silly packumentCache full:https://registry.npmjs.org/commander set size:353104 disposed:false
186 http fetch GET 200 https://registry.npmjs.org/semver 264ms (cache revalidated)
187 silly packumentCache full:https://registry.npmjs.org/semver set size:246069 disposed:false
188 http fetch GET 200 https://registry.npmjs.org/minipass 268ms (cache revalidated)
189 silly packumentCache full:https://registry.npmjs.org/minipass set size:276925 disposed:false
190 http fetch GET 200 https://registry.npmjs.org/path-scurry 273ms (cache revalidated)
191 silly packumentCache full:https://registry.npmjs.org/path-scurry set size:117612 disposed:false
192 http fetch GET 200 https://registry.npmjs.org/proto-list 278ms (cache revalidated)
193 silly packumentCache full:https://registry.npmjs.org/proto-list set size:8764 disposed:false
194 http fetch GET 200 https://registry.npmjs.org/jackspeak 278ms (cache revalidated)
195 silly packumentCache full:https://registry.npmjs.org/jackspeak set size:204267 disposed:false
196 http fetch GET 200 https://registry.npmjs.org/abbrev 280ms (cache revalidated)
197 silly packumentCache full:https://registry.npmjs.org/abbrev set size:24188 disposed:false
198 http fetch GET 200 https://registry.npmjs.org/foreground-child 293ms (cache revalidated)
199 silly packumentCache full:https://registry.npmjs.org/foreground-child set size:71503 disposed:false
200 http fetch GET 200 https://registry.npmjs.org/package-json-from-dist 295ms (cache revalidated)
201 silly packumentCache full:https://registry.npmjs.org/package-json-from-dist set size:8854 disposed:false
202 http fetch GET 200 https://registry.npmjs.org/@one-ini%2fwasm 618ms (cache revalidated)
203 silly packumentCache full:https://registry.npmjs.org/@one-ini%2fwasm set size:14591 disposed:false
204 silly placeDep ROOT ini@1.3.8 OK for: config-chain@1.1.13 want: ^1.3.4
205 silly placeDep ROOT proto-list@1.2.4 OK for: config-chain@1.1.13 want: ~1.2.1
206 silly placeDep ROOT @one-ini/wasm@0.1.1 OK for: editorconfig@1.0.7 want: 0.1.1
207 silly placeDep node_modules/editorconfig commander@10.0.1 OK for: editorconfig@1.0.7 want: ^10.0.0
208 silly placeDep node_modules/editorconfig minimatch@9.0.9 OK for: editorconfig@1.0.7 want: ^9.0.1
209 silly placeDep node_modules/editorconfig semver@7.8.5 OK for: editorconfig@1.0.7 want: ^7.5.3
210 silly fetch manifest brace-expansion@^2.0.2
211 silly packumentCache full:https://registry.npmjs.org/brace-expansion cache-miss
212 http fetch GET 200 https://registry.npmjs.org/brace-expansion 264ms (cache revalidated)
213 silly packumentCache full:https://registry.npmjs.org/brace-expansion set size:101024 disposed:false
214 silly placeDep ROOT foreground-child@3.3.1 OK for: glob@10.5.0 want: ^3.1.0
215 silly placeDep ROOT jackspeak@3.4.3 OK for: glob@10.5.0 want: ^3.1.2
216 silly placeDep node_modules/glob minimatch@9.0.9 OK for: glob@10.5.0 want: ^9.0.4
217 silly placeDep ROOT minipass@7.1.3 OK for: glob@10.5.0 want: ^7.1.2
218 silly placeDep ROOT package-json-from-dist@1.0.1 OK for: glob@10.5.0 want: ^1.0.0
219 silly placeDep ROOT path-scurry@1.11.1 OK for: glob@10.5.0 want: ^1.11.1
220 silly fetch manifest signal-exit@^4.0.1
221 silly packumentCache full:https://registry.npmjs.org/signal-exit cache-miss
222 silly fetch manifest @isaacs/cliui@^8.0.2
223 silly packumentCache full:https://registry.npmjs.org/@isaacs%2fcliui cache-miss
224 silly fetch manifest @pkgjs/parseargs@^0.11.0
225 silly packumentCache full:https://registry.npmjs.org/@pkgjs%2fparseargs cache-miss
226 silly fetch manifest lru-cache@^10.2.0
227 silly packumentCache full:https://registry.npmjs.org/lru-cache cache-miss
228 http fetch GET 200 https://registry.npmjs.org/signal-exit 35ms (cache revalidated)
229 silly packumentCache full:https://registry.npmjs.org/signal-exit set size:53489 disposed:false
230 http fetch GET 200 https://registry.npmjs.org/lru-cache 37ms (cache revalidated)
231 silly packumentCache full:https://registry.npmjs.org/lru-cache set size:460407 disposed:false
232 http fetch GET 200 https://registry.npmjs.org/@pkgjs%2fparseargs 356ms (cache revalidated)
233 silly packumentCache full:https://registry.npmjs.org/@pkgjs%2fparseargs set size:51085 disposed:false
234 http fetch GET 200 https://registry.npmjs.org/@isaacs%2fcliui 589ms (cache revalidated)
235 silly packumentCache full:https://registry.npmjs.org/@isaacs%2fcliui set size:12263 disposed:false
236 silly placeDep ROOT signal-exit@4.1.0 OK for: foreground-child@3.3.1 want: ^4.0.1
237 silly placeDep ROOT @isaacs/cliui@8.0.2 OK for: jackspeak@3.4.3 want: ^8.0.2
238 silly placeDep ROOT @pkgjs/parseargs@0.11.0 OK for: jackspeak@3.4.3 want: ^0.11.0
239 silly fetch manifest wrap-ansi@^8.1.0
240 silly packumentCache full:https://registry.npmjs.org/wrap-ansi cache-miss
241 silly fetch manifest strip-ansi@^7.0.1
242 silly packumentCache full:https://registry.npmjs.org/strip-ansi cache-miss
243 silly fetch manifest string-width@^5.1.2
244 silly packumentCache full:https://registry.npmjs.org/string-width cache-miss
245 silly fetch manifest wrap-ansi-cjs@npm:wrap-ansi@^7.0.0
246 silly packumentCache full:https://registry.npmjs.org/wrap-ansi cache-miss
247 silly fetch manifest strip-ansi-cjs@npm:strip-ansi@^6.0.1
248 silly packumentCache full:https://registry.npmjs.org/strip-ansi cache-miss
249 silly fetch manifest string-width-cjs@npm:string-width@^4.2.0
250 silly packumentCache full:https://registry.npmjs.org/string-width cache-miss
251 http fetch GET 200 https://registry.npmjs.org/wrap-ansi 39ms (cache revalidated)
252 silly packumentCache full:https://registry.npmjs.org/wrap-ansi set size:57461 disposed:false
253 http fetch GET 200 https://registry.npmjs.org/strip-ansi 41ms (cache revalidated)
254 silly packumentCache full:https://registry.npmjs.org/strip-ansi set size:44998 disposed:false
255 http fetch GET 200 https://registry.npmjs.org/wrap-ansi 41ms (cache revalidated)
256 silly packumentCache full:https://registry.npmjs.org/wrap-ansi set size:57461 disposed:false
257 silly packumentCache full:https://registry.npmjs.org/wrap-ansi dispose
258 http fetch GET 200 https://registry.npmjs.org/strip-ansi 44ms (cache revalidated)
259 silly packumentCache full:https://registry.npmjs.org/strip-ansi set size:44998 disposed:false
260 silly packumentCache full:https://registry.npmjs.org/strip-ansi dispose
261 http fetch GET 200 https://registry.npmjs.org/string-width 257ms (cache revalidated)
262 silly packumentCache full:https://registry.npmjs.org/string-width set size:72458 disposed:false
263 http fetch GET 200 https://registry.npmjs.org/string-width 257ms (cache revalidated)
264 silly packumentCache full:https://registry.npmjs.org/string-width set size:72458 disposed:false
265 silly packumentCache full:https://registry.npmjs.org/string-width dispose
266 silly placeDep ROOT string-width@5.1.2 OK for: @isaacs/cliui@8.0.2 want: ^5.1.2
267 silly placeDep ROOT string-width-cjs@4.2.3 OK for: @isaacs/cliui@8.0.2 want: npm:string-width@^4.2.0
268 silly placeDep ROOT strip-ansi@7.2.0 OK for: @isaacs/cliui@8.0.2 want: ^7.0.1
269 silly placeDep ROOT strip-ansi-cjs@6.0.1 OK for: @isaacs/cliui@8.0.2 want: npm:strip-ansi@^6.0.1
270 silly placeDep ROOT wrap-ansi@8.1.0 OK for: @isaacs/cliui@8.0.2 want: ^8.1.0
271 silly placeDep ROOT wrap-ansi-cjs@7.0.0 OK for: @isaacs/cliui@8.0.2 want: npm:wrap-ansi@^7.0.0
272 silly fetch manifest eastasianwidth@^0.2.0
273 silly packumentCache full:https://registry.npmjs.org/eastasianwidth cache-miss
274 silly fetch manifest strip-ansi@^6.0.1
275 silly packumentCache full:https://registry.npmjs.org/strip-ansi cache-hit
276 silly fetch manifest emoji-regex@^8.0.0
277 silly packumentCache full:https://registry.npmjs.org/emoji-regex cache-miss
278 silly fetch manifest is-fullwidth-code-point@^3.0.0
279 silly packumentCache full:https://registry.npmjs.org/is-fullwidth-code-point cache-miss
280 silly fetch manifest ansi-regex@^6.2.2
281 silly packumentCache full:https://registry.npmjs.org/ansi-regex cache-miss
282 silly fetch manifest ansi-regex@^5.0.1
283 silly packumentCache full:https://registry.npmjs.org/ansi-regex cache-miss
284 silly fetch manifest ansi-styles@^6.1.0
285 silly packumentCache full:https://registry.npmjs.org/ansi-styles cache-miss
286 silly fetch manifest strip-ansi@^6.0.0
287 silly packumentCache full:https://registry.npmjs.org/strip-ansi cache-hit
288 silly fetch manifest string-width@^4.1.0
289 silly packumentCache full:https://registry.npmjs.org/string-width cache-hit
290 http fetch GET 200 https://registry.npmjs.org/ansi-regex 42ms (cache revalidated)
291 silly packumentCache full:https://registry.npmjs.org/ansi-regex set size:48203 disposed:false
292 http fetch GET 200 https://registry.npmjs.org/ansi-regex 44ms (cache revalidated)
293 silly packumentCache full:https://registry.npmjs.org/ansi-regex set size:48203 disposed:false
294 silly packumentCache full:https://registry.npmjs.org/ansi-regex dispose
295 http fetch GET 200 https://registry.npmjs.org/eastasianwidth 46ms (cache revalidated)
296 silly packumentCache full:https://registry.npmjs.org/eastasianwidth set size:7890 disposed:false
297 http fetch GET 200 https://registry.npmjs.org/is-fullwidth-code-point 47ms (cache revalidated)
298 silly packumentCache full:https://registry.npmjs.org/is-fullwidth-code-point set size:14578 disposed:false
299 http fetch GET 200 https://registry.npmjs.org/ansi-styles 46ms (cache revalidated)
300 silly packumentCache full:https://registry.npmjs.org/ansi-styles set size:71772 disposed:false
301 http fetch GET 200 https://registry.npmjs.org/emoji-regex 48ms (cache revalidated)
302 silly packumentCache full:https://registry.npmjs.org/emoji-regex set size:89064 disposed:false
303 silly placeDep ROOT abbrev@2.0.0 OK for: nopt@7.2.1 want: ^2.0.0
304 silly placeDep node_modules/path-scurry lru-cache@10.4.3 OK for: path-scurry@1.11.1 want: ^10.2.0
305 silly placeDep node_modules/react-promise-suspense fast-deep-equal@2.0.1 OK for: react-promise-suspense@0.3.4 want: ^2.0.1
306 silly placeDep ROOT parseley@0.12.1 OK for: selderee@0.11.0 want: ^0.12.0
307 silly fetch manifest leac@^0.6.0
308 silly packumentCache full:https://registry.npmjs.org/leac cache-miss
309 silly fetch manifest peberminta@^0.9.0
310 silly packumentCache full:https://registry.npmjs.org/peberminta cache-miss
311 http fetch GET 200 https://registry.npmjs.org/peberminta 245ms (cache revalidated)
312 silly packumentCache full:https://registry.npmjs.org/peberminta set size:67125 disposed:false
313 http fetch GET 200 https://registry.npmjs.org/leac 250ms (cache revalidated)
314 silly packumentCache full:https://registry.npmjs.org/leac set size:27992 disposed:false
315 silly placeDep ROOT leac@0.6.0 OK for: parseley@0.12.1 want: ^0.6.0
316 silly placeDep ROOT peberminta@0.9.0 OK for: parseley@0.12.1 want: ^0.9.0
317 silly placeDep ROOT eastasianwidth@0.2.0 OK for: string-width@5.1.2 want: ^0.2.0
318 silly placeDep node_modules/string-width-cjs emoji-regex@8.0.0 OK for: string-width@4.2.3 want: ^8.0.0
319 silly placeDep ROOT is-fullwidth-code-point@3.0.0 OK for: string-width@4.2.3 want: ^3.0.0
320 silly placeDep node_modules/string-width-cjs strip-ansi@6.0.1 OK for: string-width@4.2.3 want: ^6.0.1
321 silly placeDep ROOT ansi-regex@6.3.0 OK for: strip-ansi@7.2.0 want: ^6.2.2
322 silly placeDep node_modules/strip-ansi-cjs ansi-regex@5.0.1 OK for: strip-ansi@6.0.1 want: ^5.0.1
323 silly placeDep node_modules/wrap-ansi ansi-styles@6.2.3 OK for: wrap-ansi@8.1.0 want: ^6.1.0
324 silly placeDep node_modules/wrap-ansi-cjs string-width@4.2.3 OK for: wrap-ansi@7.0.0 want: ^4.1.0
325 silly placeDep node_modules/wrap-ansi-cjs strip-ansi@6.0.1 OK for: wrap-ansi@7.0.0 want: ^6.0.0
326 silly placeDep node_modules/editorconfig brace-expansion@2.1.4 OK for: minimatch@9.0.9 want: ^2.0.2
327 silly placeDep node_modules/glob brace-expansion@2.1.4 OK for: minimatch@9.0.9 want: ^2.0.2
328 silly placeDep node_modules/resend scheduler@0.23.2 OK for: react-dom@18.3.1 want: ^0.23.2
329 silly placeDep node_modules/string-width-cjs ansi-regex@5.0.1 OK for: strip-ansi@6.0.1 want: ^5.0.1
330 silly placeDep node_modules/wrap-ansi-cjs emoji-regex@8.0.0 OK for: string-width@4.2.3 want: ^8.0.0
331 silly placeDep node_modules/wrap-ansi-cjs ansi-regex@5.0.1 OK for: strip-ansi@6.0.1 want: ^5.0.1
332 silly reify moves {}
333 http cache ansi-regex@https://registry.npmjs.org/ansi-regex/-/ansi-regex-6.3.0.tgz 0ms (cache hit)
334 http cache is-fullwidth-code-point@https://registry.npmjs.org/is-fullwidth-code-point/-/is-fullwidth-code-point-3.0.0.tgz 0ms (cache hit)
335 http cache eastasianwidth@https://registry.npmjs.org/eastasianwidth/-/eastasianwidth-0.2.0.tgz 0ms (cache hit)
336 http cache peberminta@https://registry.npmjs.org/peberminta/-/peberminta-0.9.0.tgz 0ms (cache hit)
337 http cache parseley@https://registry.npmjs.org/parseley/-/parseley-0.12.1.tgz 0ms (cache hit)
338 http cache abbrev@https://registry.npmjs.org/abbrev/-/abbrev-2.0.0.tgz 0ms (cache hit)
339 http cache wrap-ansi-cjs@https://registry.npmjs.org/wrap-ansi/-/wrap-ansi-7.0.0.tgz 0ms (cache hit)
340 http cache leac@https://registry.npmjs.org/leac/-/leac-0.6.0.tgz 0ms (cache hit)
341 http cache wrap-ansi@https://registry.npmjs.org/wrap-ansi/-/wrap-ansi-8.1.0.tgz 0ms (cache hit)
342 http cache strip-ansi-cjs@https://registry.npmjs.org/strip-ansi/-/strip-ansi-6.0.1.tgz 0ms (cache hit)
343 http cache strip-ansi@https://registry.npmjs.org/strip-ansi/-/strip-ansi-7.2.0.tgz 0ms (cache hit)
344 http cache @pkgjs/parseargs@https://registry.npmjs.org/@pkgjs/parseargs/-/parseargs-0.11.0.tgz 0ms (cache hit)
345 http cache @isaacs/cliui@https://registry.npmjs.org/@isaacs/cliui/-/cliui-8.0.2.tgz 0ms (cache hit)
346 http cache string-width@https://registry.npmjs.org/string-width/-/string-width-5.1.2.tgz 0ms (cache hit)
347 http cache signal-exit@https://registry.npmjs.org/signal-exit/-/signal-exit-4.1.0.tgz 0ms (cache hit)
348 http cache string-width-cjs@https://registry.npmjs.org/string-width/-/string-width-4.2.3.tgz 0ms (cache hit)
349 http cache path-scurry@https://registry.npmjs.org/path-scurry/-/path-scurry-1.11.1.tgz 0ms (cache hit)
350 http cache minipass@https://registry.npmjs.org/minipass/-/minipass-7.1.3.tgz 0ms (cache hit)
351 http cache package-json-from-dist@https://registry.npmjs.org/package-json-from-dist/-/package-json-from-dist-1.0.1.tgz 0ms (cache hit)
352 http cache jackspeak@https://registry.npmjs.org/jackspeak/-/jackspeak-3.4.3.tgz 0ms (cache hit)
353 http cache @one-ini/wasm@https://registry.npmjs.org/@one-ini/wasm/-/wasm-0.1.1.tgz 0ms (cache hit)
354 http cache proto-list@https://registry.npmjs.org/proto-list/-/proto-list-1.2.4.tgz 0ms (cache hit)
355 http cache foreground-child@https://registry.npmjs.org/foreground-child/-/foreground-child-3.3.1.tgz 0ms (cache hit)
356 http cache nopt@https://registry.npmjs.org/nopt/-/nopt-7.2.1.tgz 0ms (cache hit)
357 http cache ini@https://registry.npmjs.org/ini/-/ini-1.3.8.tgz 0ms (cache hit)
358 http cache editorconfig@https://registry.npmjs.org/editorconfig/-/editorconfig-1.0.7.tgz 0ms (cache hit)
359 http cache glob@https://registry.npmjs.org/glob/-/glob-10.5.0.tgz 0ms (cache hit)
360 http cache config-chain@https://registry.npmjs.org/config-chain/-/config-chain-1.1.13.tgz 0ms (cache hit)
361 http cache domutils@https://registry.npmjs.org/domutils/-/domutils-3.2.2.tgz 0ms (cache hit)
362 http cache domelementtype@https://registry.npmjs.org/domelementtype/-/domelementtype-2.3.0.tgz 0ms (cache hit)
363 http cache entities@https://registry.npmjs.org/entities/-/entities-4.5.0.tgz 0ms (cache hit)
364 http cache selderee@https://registry.npmjs.org/selderee/-/selderee-0.11.0.tgz 0ms (cache hit)
365 http cache deepmerge@https://registry.npmjs.org/deepmerge/-/deepmerge-4.3.1.tgz 0ms (cache hit)
366 http cache htmlparser2@https://registry.npmjs.org/htmlparser2/-/htmlparser2-8.0.2.tgz 0ms (cache hit)
367 http cache @selderee/plugin-htmlparser2@https://registry.npmjs.org/@selderee/plugin-htmlparser2/-/plugin-htmlparser2-0.11.0.tgz 0ms (cache hit)
368 http cache js-cookie@https://registry.npmjs.org/js-cookie/-/js-cookie-3.0.8.tgz 0ms (cache hit)
369 http cache js-beautify@https://registry.npmjs.org/js-beautify/-/js-beautify-1.15.4.tgz 0ms (cache hit)
370 http cache dom-serializer@https://registry.npmjs.org/dom-serializer/-/dom-serializer-2.0.0.tgz 0ms (cache hit)
371 http cache html-to-text@https://registry.npmjs.org/html-to-text/-/html-to-text-9.0.5.tgz 0ms (cache hit)
372 http cache react-promise-suspense@https://registry.npmjs.org/react-promise-suspense/-/react-promise-suspense-0.3.4.tgz 0ms (cache hit)
373 http cache zod-validation-error@https://registry.npmjs.org/zod-validation-error/-/zod-validation-error-4.0.2.tgz 0ms (cache hit)
374 http cache youch-core@https://registry.npmjs.org/youch-core/-/youch-core-0.3.3.tgz 0ms (cache hit)
375 http cache youch@https://registry.npmjs.org/youch/-/youch-4.1.0-beta.10.tgz 0ms (cache hit)
376 http cache domhandler@https://registry.npmjs.org/domhandler/-/domhandler-5.0.3.tgz 0ms (cache hit)
377 http cache yallist@https://registry.npmjs.org/yallist/-/yallist-3.1.1.tgz 0ms (cache hit)
378 http cache resend@https://registry.npmjs.org/resend/-/resend-3.5.0.tgz 0ms (cache hit)
379 http cache yocto-queue@https://registry.npmjs.org/yocto-queue/-/yocto-queue-0.1.0.tgz 0ms (cache hit)
380 http cache wrangler@https://registry.npmjs.org/wrangler/-/wrangler-4.92.0.tgz 0ms (cache hit)
381 http cache yoga-layout@https://registry.npmjs.org/yoga-layout/-/yoga-layout-3.2.1.tgz 0ms (cache hit)
382 http cache workerd@https://registry.npmjs.org/workerd/-/workerd-1.20260515.1.tgz 0ms (cache hit)
383 http cache word-wrap@https://registry.npmjs.org/word-wrap/-/word-wrap-1.2.5.tgz 0ms (cache hit)
384 http cache ws@https://registry.npmjs.org/ws/-/ws-8.18.0.tgz 0ms (cache hit)
385 http cache which-collection@https://registry.npmjs.org/which-collection/-/which-collection-1.0.2.tgz 0ms (cache hit)
386 http cache which-builtin-type@https://registry.npmjs.org/which-builtin-type/-/which-builtin-type-1.2.1.tgz 0ms (cache hit)
387 http cache which-boxed-primitive@https://registry.npmjs.org/which-boxed-primitive/-/which-boxed-primitive-1.1.1.tgz 0ms (cache hit)
388 http cache zod@https://registry.npmjs.org/zod/-/zod-4.4.3.tgz 0ms (cache hit)
389 http cache which-typed-array@https://registry.npmjs.org/which-typed-array/-/which-typed-array-1.1.20.tgz 0ms (cache hit)
390 http cache which@https://registry.npmjs.org/which/-/which-2.0.2.tgz 0ms (cache hit)
391 http cache webpack-sources@https://registry.npmjs.org/webpack-sources/-/webpack-sources-3.4.1.tgz 0ms (cache hit)
392 http cache web-vitals@https://registry.npmjs.org/web-vitals/-/web-vitals-4.2.4.tgz 0ms (cache hit)
393 http cache vitefu@https://registry.npmjs.org/vitefu/-/vitefu-1.1.3.tgz 0ms (cache hit)
394 http cache watchpack@https://registry.npmjs.org/watchpack/-/watchpack-2.5.1.tgz 0ms (cache hit)
395 http cache vite@https://registry.npmjs.org/vite/-/vite-8.0.13.tgz 0ms (cache hit)
396 http cache vite-plugin-dynamic-import@https://registry.npmjs.org/vite-plugin-dynamic-import/-/vite-plugin-dynamic-import-1.6.0.tgz 0ms (cache hit)
397 http cache webpack@https://registry.npmjs.org/webpack/-/webpack-5.106.2.tgz 0ms (cache hit)
398 http cache vite-plugin-commonjs@https://registry.npmjs.org/vite-plugin-commonjs/-/vite-plugin-commonjs-0.10.4.tgz 0ms (cache hit)
399 http cache vinext@https://registry.npmjs.org/vinext/-/vinext-0.0.50.tgz 0ms (cache hit)
400 http cache vite-tsconfig-paths@https://registry.npmjs.org/vite-tsconfig-paths/-/vite-tsconfig-paths-6.1.1.tgz 0ms (cache hit)
401 http cache unrs-resolver@https://registry.npmjs.org/unrs-resolver/-/unrs-resolver-1.11.1.tgz 0ms (cache hit)
402 http cache update-browserslist-db@https://registry.npmjs.org/update-browserslist-db/-/update-browserslist-db-1.2.3.tgz 0ms (cache hit)
403 http cache unpic@https://registry.npmjs.org/unpic/-/unpic-4.2.2.tgz 0ms (cache hit)
404 http cache unicode-trie@https://registry.npmjs.org/unicode-trie/-/unicode-trie-2.0.0.tgz 0ms (cache hit)
405 http cache uri-js@https://registry.npmjs.org/uri-js/-/uri-js-4.4.1.tgz 0ms (cache hit)
406 http cache unenv@https://registry.npmjs.org/unenv/-/unenv-2.0.0-rc.24.tgz 0ms (cache hit)
407 http cache undici@https://registry.npmjs.org/undici/-/undici-7.24.8.tgz 0ms (cache hit)
408 http cache undici-types@https://registry.npmjs.org/undici-types/-/undici-types-6.21.0.tgz 0ms (cache hit)
409 http cache typescript-eslint@https://registry.npmjs.org/typescript-eslint/-/typescript-eslint-8.59.3.tgz 0ms (cache hit)
410 http cache typescript@https://registry.npmjs.org/typescript/-/typescript-5.9.3.tgz 0ms (cache hit)
411 http cache typed-array-byte-offset@https://registry.npmjs.org/typed-array-byte-offset/-/typed-array-byte-offset-1.0.4.tgz 0ms (cache hit)
412 http cache unbox-primitive@https://registry.npmjs.org/unbox-primitive/-/unbox-primitive-1.1.0.tgz 0ms (cache hit)
413 http cache typed-array-length@https://registry.npmjs.org/typed-array-length/-/typed-array-length-1.0.7.tgz 0ms (cache hit)
414 http cache typed-array-byte-length@https://registry.npmjs.org/typed-array-byte-length/-/typed-array-byte-length-1.0.3.tgz 0ms (cache hit)
415 http cache type-check@https://registry.npmjs.org/type-check/-/type-check-0.4.0.tgz 0ms (cache hit)
416 http cache tsx@https://registry.npmjs.org/tsx/-/tsx-4.22.1.tgz 0ms (cache hit)
417 http cache turbo-stream@https://registry.npmjs.org/turbo-stream/-/turbo-stream-3.2.0.tgz 0ms (cache hit)
418 http cache tslib@https://registry.npmjs.org/tslib/-/tslib-2.8.1.tgz 0ms (cache hit)
419 http cache tsconfig-paths@https://registry.npmjs.org/tsconfig-paths/-/tsconfig-paths-3.15.0.tgz 0ms (cache hit)
420 http cache tsconfck@https://registry.npmjs.org/tsconfck/-/tsconfck-3.1.6.tgz 0ms (cache hit)
421 http cache to-regex-range@https://registry.npmjs.org/to-regex-range/-/to-regex-range-5.0.1.tgz 0ms (cache hit)
422 http cache tiny-inflate@https://registry.npmjs.org/tiny-inflate/-/tiny-inflate-1.0.3.tgz 0ms (cache hit)
423 http cache terser-webpack-plugin@https://registry.npmjs.org/terser-webpack-plugin/-/terser-webpack-plugin-5.6.0.tgz 0ms (cache hit)
424 http cache ts-api-utils@https://registry.npmjs.org/ts-api-utils/-/ts-api-utils-2.5.0.tgz 0ms (cache hit)
425 http cache terser@https://registry.npmjs.org/terser/-/terser-5.47.1.tgz 0ms (cache hit)
426 http cache typed-array-buffer@https://registry.npmjs.org/typed-array-buffer/-/typed-array-buffer-1.0.3.tgz 0ms (cache hit)
427 http cache tinyglobby@https://registry.npmjs.org/tinyglobby/-/tinyglobby-0.2.16.tgz 0ms (cache hit)
428 http cache supports-preserve-symlinks-flag@https://registry.npmjs.org/supports-preserve-symlinks-flag/-/supports-preserve-symlinks-flag-1.0.0.tgz 0ms (cache hit)
429 http cache tapable@https://registry.npmjs.org/tapable/-/tapable-2.3.3.tgz 0ms (cache hit)
430 http cache strip-literal@https://registry.npmjs.org/strip-literal/-/strip-literal-3.1.0.tgz 0ms (cache hit)
431 http cache supports-color@https://registry.npmjs.org/supports-color/-/supports-color-7.2.0.tgz 0ms (cache hit)
432 http cache styled-jsx@https://registry.npmjs.org/styled-jsx/-/styled-jsx-5.1.6.tgz 0ms (cache hit)
433 http cache strip-bom@https://registry.npmjs.org/strip-bom/-/strip-bom-3.0.0.tgz 0ms (cache hit)
434 http cache strip-json-comments@https://registry.npmjs.org/strip-json-comments/-/strip-json-comments-3.1.1.tgz 0ms (cache hit)
435 http cache string.prototype.trimstart@https://registry.npmjs.org/string.prototype.trimstart/-/string.prototype.trimstart-1.0.8.tgz 0ms (cache hit)
436 http cache string.prototype.matchall@https://registry.npmjs.org/string.prototype.matchall/-/string.prototype.matchall-4.0.12.tgz 0ms (cache hit)
437 http cache string.prototype.trimend@https://registry.npmjs.org/string.prototype.trimend/-/string.prototype.trimend-1.0.9.tgz 0ms (cache hit)
438 http cache string.prototype.trim@https://registry.npmjs.org/string.prototype.trim/-/string.prototype.trim-1.2.10.tgz 0ms (cache hit)
439 http cache tailwindcss@https://registry.npmjs.org/tailwindcss/-/tailwindcss-4.2.1.tgz 0ms (cache hit)
440 http cache string.prototype.repeat@https://registry.npmjs.org/string.prototype.repeat/-/string.prototype.repeat-1.0.0.tgz 0ms (cache hit)
441 http cache string.prototype.includes@https://registry.npmjs.org/string.prototype.includes/-/string.prototype.includes-2.0.1.tgz 0ms (cache hit)
442 http cache string.prototype.codepointat@https://registry.npmjs.org/string.prototype.codepointat/-/string.prototype.codepointat-0.2.1.tgz 0ms (cache hit)
443 http cache srvx@https://registry.npmjs.org/srvx/-/srvx-0.11.15.tgz 0ms (cache hit)
444 http cache source-map-support@https://registry.npmjs.org/source-map-support/-/source-map-support-0.5.21.tgz 0ms (cache hit)
445 http cache stable-hash@https://registry.npmjs.org/stable-hash/-/stable-hash-0.0.5.tgz 0ms (cache hit)
446 http cache source-map-js@https://registry.npmjs.org/source-map-js/-/source-map-js-1.2.1.tgz 0ms (cache hit)
447 http cache source-map@https://registry.npmjs.org/source-map/-/source-map-0.6.1.tgz 0ms (cache hit)
448 http cache side-channel-weakmap@https://registry.npmjs.org/side-channel-weakmap/-/side-channel-weakmap-1.0.2.tgz 0ms (cache hit)
449 http cache stop-iteration-iterator@https://registry.npmjs.org/stop-iteration-iterator/-/stop-iteration-iterator-1.1.0.tgz 0ms (cache hit)
450 http cache side-channel-map@https://registry.npmjs.org/side-channel-map/-/side-channel-map-1.0.1.tgz 0ms (cache hit)
451 http cache side-channel-list@https://registry.npmjs.org/side-channel-list/-/side-channel-list-1.0.1.tgz 0ms (cache hit)
452 http cache side-channel@https://registry.npmjs.org/side-channel/-/side-channel-1.1.0.tgz 0ms (cache hit)
453 http cache shebang-command@https://registry.npmjs.org/shebang-command/-/shebang-command-2.0.0.tgz 0ms (cache hit)
454 http cache shebang-regex@https://registry.npmjs.org/shebang-regex/-/shebang-regex-3.0.0.tgz 0ms (cache hit)
455 http cache semver@https://registry.npmjs.org/semver/-/semver-6.3.1.tgz 0ms (cache hit)
456 http cache set-proto@https://registry.npmjs.org/set-proto/-/set-proto-1.0.0.tgz 0ms (cache hit)
457 http cache set-function-name@https://registry.npmjs.org/set-function-name/-/set-function-name-2.0.2.tgz 0ms (cache hit)
458 http cache set-function-length@https://registry.npmjs.org/set-function-length/-/set-function-length-1.2.2.tgz 0ms (cache hit)
459 http cache sharp@https://registry.npmjs.org/sharp/-/sharp-0.34.5.tgz 0ms (cache hit)
460 http cache schema-utils@https://registry.npmjs.org/schema-utils/-/schema-utils-4.3.3.tgz 0ms (cache hit)
461 http cache scheduler@https://registry.npmjs.org/scheduler/-/scheduler-0.27.0.tgz 0ms (cache hit)
462 http cache satori@https://registry.npmjs.org/satori/-/satori-0.16.0.tgz 0ms (cache hit)
463 http cache safe-push-apply@https://registry.npmjs.org/safe-push-apply/-/safe-push-apply-1.0.0.tgz 0ms (cache hit)
464 http cache safe-array-concat@https://registry.npmjs.org/safe-array-concat/-/safe-array-concat-1.1.4.tgz 0ms (cache hit)
465 http cache safe-regex-test@https://registry.npmjs.org/safe-regex-test/-/safe-regex-test-1.1.0.tgz 0ms (cache hit)
466 http cache rolldown@https://registry.npmjs.org/rolldown/-/rolldown-1.0.1.tgz 0ms (cache hit)
467 http cache resolve-pkg-maps@https://registry.npmjs.org/resolve-pkg-maps/-/resolve-pkg-maps-1.0.0.tgz 0ms (cache hit)
468 http cache reusify@https://registry.npmjs.org/reusify/-/reusify-1.1.0.tgz 0ms (cache hit)
469 http cache run-parallel@https://registry.npmjs.org/run-parallel/-/run-parallel-1.2.0.tgz 0ms (cache hit)
470 http cache resolve-from@https://registry.npmjs.org/resolve-from/-/resolve-from-4.0.0.tgz 0ms (cache hit)
471 http cache require-from-string@https://registry.npmjs.org/require-from-string/-/require-from-string-2.0.2.tgz 0ms (cache hit)
472 http cache resolve@https://registry.npmjs.org/resolve/-/resolve-2.0.0-next.7.tgz 0ms (cache hit)
473 http cache regexp.prototype.flags@https://registry.npmjs.org/regexp.prototype.flags/-/regexp.prototype.flags-1.5.4.tgz 0ms (cache hit)
474 http cache react-server-dom-webpack@https://registry.npmjs.org/react-server-dom-webpack/-/react-server-dom-webpack-19.2.6.tgz 0ms (cache hit)
475 http cache reflect.getprototypeof@https://registry.npmjs.org/reflect.getprototypeof/-/reflect.getprototypeof-1.0.10.tgz 0ms (cache hit)
476 http cache react-is@https://registry.npmjs.org/react-is/-/react-is-16.13.1.tgz 0ms (cache hit)
477 http cache react-dom@https://registry.npmjs.org/react-dom/-/react-dom-19.2.6.tgz 0ms (cache hit)
478 http cache queue-microtask@https://registry.npmjs.org/queue-microtask/-/queue-microtask-1.2.3.tgz 0ms (cache hit)
479 http cache punycode@https://registry.npmjs.org/punycode/-/punycode-2.3.1.tgz 0ms (cache hit)
480 http cache prop-types@https://registry.npmjs.org/prop-types/-/prop-types-15.8.1.tgz 0ms (cache hit)
481 http cache prelude-ls@https://registry.npmjs.org/prelude-ls/-/prelude-ls-1.2.1.tgz 0ms (cache hit)
482 http cache postcss@https://registry.npmjs.org/postcss/-/postcss-8.5.14.tgz 0ms (cache hit)
483 http cache postcss-value-parser@https://registry.npmjs.org/postcss-value-parser/-/postcss-value-parser-4.2.0.tgz 0ms (cache hit)
484 http cache picomatch@https://registry.npmjs.org/picomatch/-/picomatch-2.3.2.tgz 0ms (cache hit)
485 http cache possible-typed-array-names@https://registry.npmjs.org/possible-typed-array-names/-/possible-typed-array-names-1.1.0.tgz 0ms (cache hit)
486 http cache picocolors@https://registry.npmjs.org/picocolors/-/picocolors-1.1.1.tgz 0ms (cache hit)
487 http cache pathe@https://registry.npmjs.org/pathe/-/pathe-2.0.3.tgz 0ms (cache hit)
488 http cache path-to-regexp@https://registry.npmjs.org/path-to-regexp/-/path-to-regexp-6.3.0.tgz 0ms (cache hit)
489 http cache path-parse@https://registry.npmjs.org/path-parse/-/path-parse-1.0.7.tgz 0ms (cache hit)
490 http cache path-exists@https://registry.npmjs.org/path-exists/-/path-exists-4.0.0.tgz 0ms (cache hit)
491 http cache path-key@https://registry.npmjs.org/path-key/-/path-key-3.1.1.tgz 0ms (cache hit)
492 http cache parse-css-color@https://registry.npmjs.org/parse-css-color/-/parse-css-color-0.2.1.tgz 0ms (cache hit)
493 http cache parent-module@https://registry.npmjs.org/parent-module/-/parent-module-1.0.1.tgz 0ms (cache hit)
494 http cache pako@https://registry.npmjs.org/pako/-/pako-0.2.9.tgz 0ms (cache hit)
495 http cache p-limit@https://registry.npmjs.org/p-limit/-/p-limit-3.1.0.tgz 0ms (cache hit)
496 http cache p-locate@https://registry.npmjs.org/p-locate/-/p-locate-5.0.0.tgz 0ms (cache hit)
497 http cache own-keys@https://registry.npmjs.org/own-keys/-/own-keys-1.0.1.tgz 0ms (cache hit)
498 http cache optionator@https://registry.npmjs.org/optionator/-/optionator-0.9.4.tgz 0ms (cache hit)
499 http cache object.values@https://registry.npmjs.org/object.values/-/object.values-1.2.1.tgz 0ms (cache hit)
500 http cache object.groupby@https://registry.npmjs.org/object.groupby/-/object.groupby-1.0.3.tgz 0ms (cache hit)
501 http cache object.entries@https://registry.npmjs.org/object.entries/-/object.entries-1.1.9.tgz 0ms (cache hit)
502 http cache object.fromentries@https://registry.npmjs.org/object.fromentries/-/object.fromentries-2.0.8.tgz 0ms (cache hit)
503 http cache object.assign@https://registry.npmjs.org/object.assign/-/object.assign-4.1.7.tgz 0ms (cache hit)
504 http cache object-keys@https://registry.npmjs.org/object-keys/-/object-keys-1.1.1.tgz 0ms (cache hit)
505 http cache react@https://registry.npmjs.org/react/-/react-19.2.6.tgz 0ms (cache hit)
506 http cache object-inspect@https://registry.npmjs.org/object-inspect/-/object-inspect-1.13.4.tgz 0ms (cache hit)
507 http cache object-assign@https://registry.npmjs.org/object-assign/-/object-assign-4.1.1.tgz 0ms (cache hit)
508 http cache node-releases@https://registry.npmjs.org/node-releases/-/node-releases-2.0.44.tgz 0ms (cache hit)
509 http cache next@https://registry.npmjs.org/next/-/next-16.2.6.tgz 0ms (cache hit)
510 http cache napi-postinstall@https://registry.npmjs.org/napi-postinstall/-/napi-postinstall-0.3.4.tgz 0ms (cache hit)
511 http cache neo-async@https://registry.npmjs.org/neo-async/-/neo-async-2.6.2.tgz 0ms (cache hit)
512 http cache node-exports-info@https://registry.npmjs.org/node-exports-info/-/node-exports-info-1.6.0.tgz 0ms (cache hit)
513 http cache nanoid@https://registry.npmjs.org/nanoid/-/nanoid-3.3.12.tgz 0ms (cache hit)
514 http cache natural-compare@https://registry.npmjs.org/natural-compare/-/natural-compare-1.4.0.tgz 0ms (cache hit)
515 http cache minimatch@https://registry.npmjs.org/minimatch/-/minimatch-3.1.5.tgz 0ms (cache hit)
516 http cache miniflare@https://registry.npmjs.org/miniflare/-/miniflare-4.20260515.0.tgz 0ms (cache hit)
517 http cache micromatch@https://registry.npmjs.org/micromatch/-/micromatch-4.0.8.tgz 0ms (cache hit)
518 http cache mime-db@https://registry.npmjs.org/mime-db/-/mime-db-1.54.0.tgz 0ms (cache hit)
519 http cache merge-stream@https://registry.npmjs.org/merge-stream/-/merge-stream-2.0.0.tgz 0ms (cache hit)
520 http cache math-intrinsics@https://registry.npmjs.org/math-intrinsics/-/math-intrinsics-1.1.0.tgz 0ms (cache hit)
521 http cache magic-string@https://registry.npmjs.org/magic-string/-/magic-string-0.30.21.tgz 0ms (cache hit)
522 http cache lru-cache@https://registry.npmjs.org/lru-cache/-/lru-cache-5.1.1.tgz 0ms (cache hit)
523 http cache merge2@https://registry.npmjs.org/merge2/-/merge2-1.4.1.tgz 0ms (cache hit)
524 http cache ms@https://registry.npmjs.org/ms/-/ms-2.1.3.tgz 0ms (cache hit)
525 http cache loose-envify@https://registry.npmjs.org/loose-envify/-/loose-envify-1.4.0.tgz 0ms (cache hit)
526 http cache locate-path@https://registry.npmjs.org/locate-path/-/locate-path-6.0.0.tgz 0ms (cache hit)
527 http cache lodash.merge@https://registry.npmjs.org/lodash.merge/-/lodash.merge-4.6.2.tgz 0ms (cache hit)
528 http cache minimist@https://registry.npmjs.org/minimist/-/minimist-1.2.8.tgz 0ms (cache hit)
529 http cache lightningcss@https://registry.npmjs.org/lightningcss/-/lightningcss-1.31.1.tgz 0ms (cache hit)
530 http cache loader-runner@https://registry.npmjs.org/loader-runner/-/loader-runner-4.3.2.tgz 0ms (cache hit)
531 http cache levn@https://registry.npmjs.org/levn/-/levn-0.4.1.tgz 0ms (cache hit)
532 http cache language-tags@https://registry.npmjs.org/language-tags/-/language-tags-1.0.9.tgz 0ms (cache hit)
533 http cache language-subtag-registry@https://registry.npmjs.org/language-subtag-registry/-/language-subtag-registry-0.3.23.tgz 0ms (cache hit)
534 http cache kleur@https://registry.npmjs.org/kleur/-/kleur-4.1.5.tgz 0ms (cache hit)
535 http cache linebreak@https://registry.npmjs.org/linebreak/-/linebreak-1.1.0.tgz 0ms (cache hit)
536 http cache jsx-ast-utils@https://registry.npmjs.org/jsx-ast-utils/-/jsx-ast-utils-3.3.5.tgz 0ms (cache hit)
537 http cache keyv@https://registry.npmjs.org/keyv/-/keyv-4.5.4.tgz 0ms (cache hit)
538 http cache json5@https://registry.npmjs.org/json5/-/json5-2.2.3.tgz 0ms (cache hit)
539 http cache json-schema-traverse@https://registry.npmjs.org/json-schema-traverse/-/json-schema-traverse-0.4.1.tgz 0ms (cache hit)
540 http cache json-stable-stringify-without-jsonify@https://registry.npmjs.org/json-stable-stringify-without-jsonify/-/json-stable-stringify-without-jsonify-1.0.1.tgz 0ms (cache hit)
541 http cache jsesc@https://registry.npmjs.org/jsesc/-/jsesc-3.1.0.tgz 0ms (cache hit)
542 http cache json-buffer@https://registry.npmjs.org/json-buffer/-/json-buffer-3.0.1.tgz 0ms (cache hit)
543 http cache js-yaml@https://registry.npmjs.org/js-yaml/-/js-yaml-4.1.1.tgz 0ms (cache hit)
544 http cache js-tokens@https://registry.npmjs.org/js-tokens/-/js-tokens-4.0.0.tgz 0ms (cache hit)
545 http cache jest-worker@https://registry.npmjs.org/jest-worker/-/jest-worker-27.5.1.tgz 0ms (cache hit)
546 http cache iterator.prototype@https://registry.npmjs.org/iterator.prototype/-/iterator.prototype-1.1.5.tgz 0ms (cache hit)
547 http cache jiti@https://registry.npmjs.org/jiti/-/jiti-2.7.0.tgz 0ms (cache hit)
548 http cache isexe@https://registry.npmjs.org/isexe/-/isexe-2.0.0.tgz 0ms (cache hit)
549 http cache isarray@https://registry.npmjs.org/isarray/-/isarray-2.0.5.tgz 0ms (cache hit)
550 http cache lightningcss-win32-x64-msvc@https://registry.npmjs.org/lightningcss-win32-x64-msvc/-/lightningcss-win32-x64-msvc-1.31.1.tgz 0ms (cache hit)
551 http cache is-weakref@https://registry.npmjs.org/is-weakref/-/is-weakref-1.1.1.tgz 0ms (cache hit)
552 http cache is-weakset@https://registry.npmjs.org/is-weakset/-/is-weakset-2.0.4.tgz 0ms (cache hit)
553 http cache is-weakmap@https://registry.npmjs.org/is-weakmap/-/is-weakmap-2.0.2.tgz 0ms (cache hit)
554 http cache is-typed-array@https://registry.npmjs.org/is-typed-array/-/is-typed-array-1.1.15.tgz 0ms (cache hit)
555 http cache is-symbol@https://registry.npmjs.org/is-symbol/-/is-symbol-1.1.1.tgz 0ms (cache hit)
556 http cache is-string@https://registry.npmjs.org/is-string/-/is-string-1.1.1.tgz 0ms (cache hit)
557 http cache is-shared-array-buffer@https://registry.npmjs.org/is-shared-array-buffer/-/is-shared-array-buffer-1.0.4.tgz 0ms (cache hit)
558 http cache is-set@https://registry.npmjs.org/is-set/-/is-set-2.0.3.tgz 0ms (cache hit)
559 http cache is-number-object@https://registry.npmjs.org/is-number-object/-/is-number-object-1.1.1.tgz 0ms (cache hit)
560 http cache is-number@https://registry.npmjs.org/is-number/-/is-number-7.0.0.tgz 0ms (cache hit)
561 http cache is-negative-zero@https://registry.npmjs.org/is-negative-zero/-/is-negative-zero-2.0.3.tgz 0ms (cache hit)
562 http cache is-glob@https://registry.npmjs.org/is-glob/-/is-glob-4.0.3.tgz 0ms (cache hit)
563 http cache is-finalizationregistry@https://registry.npmjs.org/is-finalizationregistry/-/is-finalizationregistry-1.1.1.tgz 0ms (cache hit)
564 http cache is-map@https://registry.npmjs.org/is-map/-/is-map-2.0.3.tgz 0ms (cache hit)
565 http cache is-generator-function@https://registry.npmjs.org/is-generator-function/-/is-generator-function-1.1.2.tgz 0ms (cache hit)
566 http cache is-extglob@https://registry.npmjs.org/is-extglob/-/is-extglob-2.1.1.tgz 0ms (cache hit)
567 http cache is-regex@https://registry.npmjs.org/is-regex/-/is-regex-1.2.1.tgz 0ms (cache hit)
568 http cache is-core-module@https://registry.npmjs.org/is-core-module/-/is-core-module-2.16.2.tgz 0ms (cache hit)
569 http cache is-date-object@https://registry.npmjs.org/is-date-object/-/is-date-object-1.1.0.tgz 0ms (cache hit)
570 http cache is-data-view@https://registry.npmjs.org/is-data-view/-/is-data-view-1.0.2.tgz 0ms (cache hit)
571 http cache is-bigint@https://registry.npmjs.org/is-bigint/-/is-bigint-1.1.0.tgz 0ms (cache hit)
572 http cache is-bun-module@https://registry.npmjs.org/is-bun-module/-/is-bun-module-2.0.0.tgz 0ms (cache hit)
573 http cache is-boolean-object@https://registry.npmjs.org/is-boolean-object/-/is-boolean-object-1.2.2.tgz 0ms (cache hit)
574 http cache is-async-function@https://registry.npmjs.org/is-async-function/-/is-async-function-2.1.1.tgz 0ms (cache hit)
575 http cache is-array-buffer@https://registry.npmjs.org/is-array-buffer/-/is-array-buffer-3.0.5.tgz 0ms (cache hit)
576 http cache is-callable@https://registry.npmjs.org/is-callable/-/is-callable-1.2.7.tgz 0ms (cache hit)
577 http cache imurmurhash@https://registry.npmjs.org/imurmurhash/-/imurmurhash-0.1.4.tgz 0ms (cache hit)
578 http cache internal-slot@https://registry.npmjs.org/internal-slot/-/internal-slot-1.1.0.tgz 0ms (cache hit)
579 http cache ipaddr.js@https://registry.npmjs.org/ipaddr.js/-/ipaddr.js-2.4.0.tgz 0ms (cache hit)
580 http cache import-fresh@https://registry.npmjs.org/import-fresh/-/import-fresh-3.3.1.tgz 0ms (cache hit)
581 http cache image-size@https://registry.npmjs.org/image-size/-/image-size-2.0.2.tgz 0ms (cache hit)
582 http cache hex-rgb@https://registry.npmjs.org/hex-rgb/-/hex-rgb-4.3.0.tgz 0ms (cache hit)
583 http cache ignore@https://registry.npmjs.org/ignore/-/ignore-5.3.2.tgz 0ms (cache hit)
584 http cache has-tostringtag@https://registry.npmjs.org/has-tostringtag/-/has-tostringtag-1.0.2.tgz 0ms (cache hit)
585 http cache hasown@https://registry.npmjs.org/hasown/-/hasown-2.0.3.tgz 0ms (cache hit)
586 http cache hermes-parser@https://registry.npmjs.org/hermes-parser/-/hermes-parser-0.25.1.tgz 0ms (cache hit)
587 http cache has-proto@https://registry.npmjs.org/has-proto/-/has-proto-1.2.0.tgz 0ms (cache hit)
588 http cache hermes-estree@https://registry.npmjs.org/hermes-estree/-/hermes-estree-0.25.1.tgz 0ms (cache hit)
589 http cache has-flag@https://registry.npmjs.org/has-flag/-/has-flag-4.0.0.tgz 0ms (cache hit)
590 http cache graceful-fs@https://registry.npmjs.org/graceful-fs/-/graceful-fs-4.2.11.tgz 0ms (cache hit)
591 http cache has-property-descriptors@https://registry.npmjs.org/has-property-descriptors/-/has-property-descriptors-1.0.2.tgz 0ms (cache hit)
592 http cache has-symbols@https://registry.npmjs.org/has-symbols/-/has-symbols-1.1.0.tgz 0ms (cache hit)
593 http cache globrex@https://registry.npmjs.org/globrex/-/globrex-0.1.2.tgz 0ms (cache hit)
594 http cache has-bigints@https://registry.npmjs.org/has-bigints/-/has-bigints-1.1.0.tgz 0ms (cache hit)
595 http cache globalthis@https://registry.npmjs.org/globalthis/-/globalthis-1.0.4.tgz 0ms (cache hit)
596 http cache gopd@https://registry.npmjs.org/gopd/-/gopd-1.2.0.tgz 0ms (cache hit)
597 http cache globals@https://registry.npmjs.org/globals/-/globals-14.0.0.tgz 0ms (cache hit)
598 http cache glob-to-regexp@https://registry.npmjs.org/glob-to-regexp/-/glob-to-regexp-0.4.1.tgz 0ms (cache hit)
599 http cache glob-parent@https://registry.npmjs.org/glob-parent/-/glob-parent-6.0.2.tgz 0ms (cache hit)
600 http cache get-symbol-description@https://registry.npmjs.org/get-symbol-description/-/get-symbol-description-1.1.0.tgz 0ms (cache hit)
601 http cache get-tsconfig@https://registry.npmjs.org/get-tsconfig/-/get-tsconfig-4.14.0.tgz 0ms (cache hit)
602 http cache get-proto@https://registry.npmjs.org/get-proto/-/get-proto-1.0.1.tgz 0ms (cache hit)
603 http cache get-intrinsic@https://registry.npmjs.org/get-intrinsic/-/get-intrinsic-1.3.0.tgz 0ms (cache hit)
604 http cache gensync@https://registry.npmjs.org/gensync/-/gensync-1.0.0-beta.2.tgz 0ms (cache hit)
605 http cache generator-function@https://registry.npmjs.org/generator-function/-/generator-function-2.0.1.tgz 0ms (cache hit)
606 http cache function.prototype.name@https://registry.npmjs.org/function.prototype.name/-/function.prototype.name-1.1.8.tgz 0ms (cache hit)
607 http cache find-up@https://registry.npmjs.org/find-up/-/find-up-5.0.0.tgz 0ms (cache hit)
608 http cache functions-have-names@https://registry.npmjs.org/functions-have-names/-/functions-have-names-1.2.3.tgz 0ms (cache hit)
609 http cache function-bind@https://registry.npmjs.org/function-bind/-/function-bind-1.1.2.tgz 0ms (cache hit)
610 http cache flat-cache@https://registry.npmjs.org/flat-cache/-/flat-cache-4.0.1.tgz 0ms (cache hit)
611 http cache flatted@https://registry.npmjs.org/flatted/-/flatted-3.4.2.tgz 0ms (cache hit)
612 http cache fill-range@https://registry.npmjs.org/fill-range/-/fill-range-7.1.1.tgz 0ms (cache hit)
613 http cache file-entry-cache@https://registry.npmjs.org/file-entry-cache/-/file-entry-cache-8.0.0.tgz 0ms (cache hit)
614 http cache fastq@https://registry.npmjs.org/fastq/-/fastq-1.20.1.tgz 0ms (cache hit)
615 http cache for-each@https://registry.npmjs.org/for-each/-/for-each-0.3.5.tgz 0ms (cache hit)
616 http cache fast-uri@https://registry.npmjs.org/fast-uri/-/fast-uri-3.1.2.tgz 0ms (cache hit)
617 http cache fflate@https://registry.npmjs.org/fflate/-/fflate-0.7.4.tgz 0ms (cache hit)
618 http cache fast-levenshtein@https://registry.npmjs.org/fast-levenshtein/-/fast-levenshtein-2.0.6.tgz 0ms (cache hit)
619 http cache fast-glob@https://registry.npmjs.org/fast-glob/-/fast-glob-3.3.1.tgz 0ms (cache hit)
620 http cache estree-walker@https://registry.npmjs.org/estree-walker/-/estree-walker-3.0.3.tgz 0ms (cache hit)
621 http cache fast-deep-equal@https://registry.npmjs.org/fast-deep-equal/-/fast-deep-equal-3.1.3.tgz 0ms (cache hit)
622 http cache events@https://registry.npmjs.org/events/-/events-3.3.0.tgz 0ms (cache hit)
623 http cache fast-json-stable-stringify@https://registry.npmjs.org/fast-json-stable-stringify/-/fast-json-stable-stringify-2.1.0.tgz 0ms (cache hit)
624 http cache estraverse@https://registry.npmjs.org/estraverse/-/estraverse-5.3.0.tgz 0ms (cache hit)
625 http cache esquery@https://registry.npmjs.org/esquery/-/esquery-1.7.0.tgz 0ms (cache hit)
626 http cache esutils@https://registry.npmjs.org/esutils/-/esutils-2.0.3.tgz 0ms (cache hit)
627 http cache eslint-visitor-keys@https://registry.npmjs.org/eslint-visitor-keys/-/eslint-visitor-keys-4.2.1.tgz 0ms (cache hit)
628 http cache espree@https://registry.npmjs.org/espree/-/espree-10.4.0.tgz 0ms (cache hit)
629 http cache esrecurse@https://registry.npmjs.org/esrecurse/-/esrecurse-4.3.0.tgz 0ms (cache hit)
630 http cache eslint-scope@https://registry.npmjs.org/eslint-scope/-/eslint-scope-8.4.0.tgz 0ms (cache hit)
631 http cache eslint-plugin-react-hooks@https://registry.npmjs.org/eslint-plugin-react-hooks/-/eslint-plugin-react-hooks-7.1.1.tgz 0ms (cache hit)
632 http cache eslint-plugin-jsx-a11y@https://registry.npmjs.org/eslint-plugin-jsx-a11y/-/eslint-plugin-jsx-a11y-6.10.2.tgz 0ms (cache hit)
633 http cache eslint-module-utils@https://registry.npmjs.org/eslint-module-utils/-/eslint-module-utils-2.12.1.tgz 0ms (cache hit)
634 http cache eslint-import-resolver-typescript@https://registry.npmjs.org/eslint-import-resolver-typescript/-/eslint-import-resolver-typescript-3.10.1.tgz 0ms (cache hit)
635 http cache eslint-plugin-react@https://registry.npmjs.org/eslint-plugin-react/-/eslint-plugin-react-7.37.5.tgz 0ms (cache hit)
636 http cache eslint-import-resolver-node@https://registry.npmjs.org/eslint-import-resolver-node/-/eslint-import-resolver-node-0.3.10.tgz 0ms (cache hit)
637 http cache eslint-plugin-import@https://registry.npmjs.org/eslint-plugin-import/-/eslint-plugin-import-2.32.0.tgz 0ms (cache hit)
638 http cache escape-string-regexp@https://registry.npmjs.org/escape-string-regexp/-/escape-string-regexp-4.0.0.tgz 0ms (cache hit)
639 http cache escape-html@https://registry.npmjs.org/escape-html/-/escape-html-1.0.3.tgz 0ms (cache hit)
640 http cache eslint@https://registry.npmjs.org/eslint/-/eslint-9.39.4.tgz 0ms (cache hit)
641 http cache escalade@https://registry.npmjs.org/escalade/-/escalade-3.2.0.tgz 0ms (cache hit)
642 http cache eslint-config-next@https://registry.npmjs.org/eslint-config-next/-/eslint-config-next-16.2.6.tgz 0ms (cache hit)
643 http cache esbuild@https://registry.npmjs.org/esbuild/-/esbuild-0.28.0.tgz 0ms (cache hit)
644 http cache es-to-primitive@https://registry.npmjs.org/es-to-primitive/-/es-to-primitive-1.3.0.tgz 0ms (cache hit)
645 http cache es-shim-unscopables@https://registry.npmjs.org/es-shim-unscopables/-/es-shim-unscopables-1.1.0.tgz 0ms (cache hit)
646 http cache es-set-tostringtag@https://registry.npmjs.org/es-set-tostringtag/-/es-set-tostringtag-2.1.0.tgz 0ms (cache hit)
647 http cache es-object-atoms@https://registry.npmjs.org/es-object-atoms/-/es-object-atoms-1.1.1.tgz 0ms (cache hit)
648 http cache es-define-property@https://registry.npmjs.org/es-define-property/-/es-define-property-1.0.1.tgz 0ms (cache hit)
649 http cache es-iterator-helpers@https://registry.npmjs.org/es-iterator-helpers/-/es-iterator-helpers-1.3.2.tgz 0ms (cache hit)
650 http cache es-abstract@https://registry.npmjs.org/es-abstract/-/es-abstract-1.24.2.tgz 0ms (cache hit)
651 http cache enhanced-resolve@https://registry.npmjs.org/enhanced-resolve/-/enhanced-resolve-5.21.3.tgz 0ms (cache hit)
652 http cache error-stack-parser-es@https://registry.npmjs.org/error-stack-parser-es/-/error-stack-parser-es-1.0.5.tgz 0ms (cache hit)
653 http cache es-errors@https://registry.npmjs.org/es-errors/-/es-errors-1.3.0.tgz 0ms (cache hit)
654 http cache emoji-regex-xs@https://registry.npmjs.org/emoji-regex-xs/-/emoji-regex-xs-2.0.1.tgz 0ms (cache hit)
655 http cache emoji-regex@https://registry.npmjs.org/emoji-regex/-/emoji-regex-9.2.2.tgz 0ms (cache hit)
656 http cache drizzle-orm@https://registry.npmjs.org/drizzle-orm/-/drizzle-orm-0.45.2.tgz 0ms (cache hit)
657 http cache dunder-proto@https://registry.npmjs.org/dunder-proto/-/dunder-proto-1.0.1.tgz 0ms (cache hit)
658 http cache drizzle-kit@https://registry.npmjs.org/drizzle-kit/-/drizzle-kit-0.31.10.tgz 0ms (cache hit)
659 http cache es-module-lexer@https://registry.npmjs.org/es-module-lexer/-/es-module-lexer-2.1.0.tgz 0ms (cache hit)
660 http cache electron-to-chromium@https://registry.npmjs.org/electron-to-chromium/-/electron-to-chromium-1.5.358.tgz 0ms (cache hit)
661 http cache define-properties@https://registry.npmjs.org/define-properties/-/define-properties-1.2.1.tgz 0ms (cache hit)
662 http cache doctrine@https://registry.npmjs.org/doctrine/-/doctrine-2.1.0.tgz 0ms (cache hit)
663 http cache debug@https://registry.npmjs.org/debug/-/debug-4.4.3.tgz 0ms (cache hit)
664 http cache detect-libc@https://registry.npmjs.org/detect-libc/-/detect-libc-2.1.2.tgz 0ms (cache hit)
665 http cache deep-is@https://registry.npmjs.org/deep-is/-/deep-is-0.1.4.tgz 0ms (cache hit)
666 http cache data-view-byte-offset@https://registry.npmjs.org/data-view-byte-offset/-/data-view-byte-offset-1.0.1.tgz 0ms (cache hit)
667 http cache define-data-property@https://registry.npmjs.org/define-data-property/-/define-data-property-1.1.4.tgz 0ms (cache hit)
668 http cache damerau-levenshtein@https://registry.npmjs.org/damerau-levenshtein/-/damerau-levenshtein-1.0.8.tgz 0ms (cache hit)
669 http cache data-view-byte-length@https://registry.npmjs.org/data-view-byte-length/-/data-view-byte-length-1.0.2.tgz 0ms (cache hit)
670 http cache css-gradient-parser@https://registry.npmjs.org/css-gradient-parser/-/css-gradient-parser-0.0.16.tgz 0ms (cache hit)
671 http cache data-view-buffer@https://registry.npmjs.org/data-view-buffer/-/data-view-buffer-1.0.2.tgz 0ms (cache hit)
672 http cache css-to-react-native@https://registry.npmjs.org/css-to-react-native/-/css-to-react-native-3.2.0.tgz 0ms (cache hit)
673 http cache css-color-keywords@https://registry.npmjs.org/css-color-keywords/-/css-color-keywords-1.0.0.tgz 0ms (cache hit)
674 http cache css-box-shadow@https://registry.npmjs.org/css-box-shadow/-/css-box-shadow-1.0.0-3.tgz 0ms (cache hit)
675 http cache csstype@https://registry.npmjs.org/csstype/-/csstype-3.2.3.tgz 0ms (cache hit)
676 http cache cross-spawn@https://registry.npmjs.org/cross-spawn/-/cross-spawn-7.0.6.tgz 0ms (cache hit)
677 http cache convert-source-map@https://registry.npmjs.org/convert-source-map/-/convert-source-map-2.0.0.tgz 0ms (cache hit)
678 http cache css-background-parser@https://registry.npmjs.org/css-background-parser/-/css-background-parser-0.1.0.tgz 0ms (cache hit)
679 http cache cookie@https://registry.npmjs.org/cookie/-/cookie-1.1.1.tgz 0ms (cache hit)
680 http cache concat-map@https://registry.npmjs.org/concat-map/-/concat-map-0.0.1.tgz 0ms (cache hit)
681 http cache commander@https://registry.npmjs.org/commander/-/commander-2.20.3.tgz 0ms (cache hit)
682 http cache client-only@https://registry.npmjs.org/client-only/-/client-only-0.0.1.tgz 0ms (cache hit)
683 http cache color-convert@https://registry.npmjs.org/color-convert/-/color-convert-2.0.1.tgz 0ms (cache hit)
684 http cache chrome-trace-event@https://registry.npmjs.org/chrome-trace-event/-/chrome-trace-event-1.0.4.tgz 0ms (cache hit)
685 http cache chalk@https://registry.npmjs.org/chalk/-/chalk-4.1.2.tgz 0ms (cache hit)
686 http cache color-name@https://registry.npmjs.org/color-name/-/color-name-1.1.4.tgz 0ms (cache hit)
687 http cache callsites@https://registry.npmjs.org/callsites/-/callsites-3.1.0.tgz 0ms (cache hit)
688 http cache camelize@https://registry.npmjs.org/camelize/-/camelize-1.0.1.tgz 0ms (cache hit)
689 http cache caniuse-lite@https://registry.npmjs.org/caniuse-lite/-/caniuse-lite-1.0.30001793.tgz 0ms (cache hit)
690 http cache call-bind-apply-helpers@https://registry.npmjs.org/call-bind-apply-helpers/-/call-bind-apply-helpers-1.0.2.tgz 0ms (cache hit)
691 http cache call-bind@https://registry.npmjs.org/call-bind/-/call-bind-1.0.9.tgz 0ms (cache hit)
692 http cache call-bound@https://registry.npmjs.org/call-bound/-/call-bound-1.0.4.tgz 0ms (cache hit)
693 http cache browserslist@https://registry.npmjs.org/browserslist/-/browserslist-4.28.2.tgz 0ms (cache hit)
694 http cache buffer-from@https://registry.npmjs.org/buffer-from/-/buffer-from-1.1.2.tgz 0ms (cache hit)
695 http cache braces@https://registry.npmjs.org/braces/-/braces-3.0.3.tgz 0ms (cache hit)
696 http cache blake3-wasm@https://registry.npmjs.org/blake3-wasm/-/blake3-wasm-2.1.5.tgz 0ms (cache hit)
697 http cache base64-js@https://registry.npmjs.org/base64-js/-/base64-js-0.0.8.tgz 0ms (cache hit)
698 http cache brace-expansion@https://registry.npmjs.org/brace-expansion/-/brace-expansion-1.1.14.tgz 0ms (cache hit)
699 http cache baseline-browser-mapping@https://registry.npmjs.org/baseline-browser-mapping/-/baseline-browser-mapping-2.10.30.tgz 0ms (cache hit)
700 http cache balanced-match@https://registry.npmjs.org/balanced-match/-/balanced-match-1.0.2.tgz 0ms (cache hit)
701 http cache axobject-query@https://registry.npmjs.org/axobject-query/-/axobject-query-4.1.0.tgz 0ms (cache hit)
702 http cache axe-core@https://registry.npmjs.org/axe-core/-/axe-core-4.11.4.tgz 0ms (cache hit)
703 http cache available-typed-arrays@https://registry.npmjs.org/available-typed-arrays/-/available-typed-arrays-1.0.7.tgz 0ms (cache hit)
704 http cache ast-types-flow@https://registry.npmjs.org/ast-types-flow/-/ast-types-flow-0.0.8.tgz 0ms (cache hit)
705 http cache async-function@https://registry.npmjs.org/async-function/-/async-function-1.0.0.tgz 0ms (cache hit)
706 http cache array.prototype.flatmap@https://registry.npmjs.org/array.prototype.flatmap/-/array.prototype.flatmap-1.3.3.tgz 0ms (cache hit)
707 http cache arraybuffer.prototype.slice@https://registry.npmjs.org/arraybuffer.prototype.slice/-/arraybuffer.prototype.slice-1.0.4.tgz 0ms (cache hit)
708 http cache array.prototype.tosorted@https://registry.npmjs.org/array.prototype.tosorted/-/array.prototype.tosorted-1.1.4.tgz 0ms (cache hit)
709 http cache array.prototype.flat@https://registry.npmjs.org/array.prototype.flat/-/array.prototype.flat-1.3.3.tgz 0ms (cache hit)
710 http cache array.prototype.findlastindex@https://registry.npmjs.org/array.prototype.findlastindex/-/array.prototype.findlastindex-1.2.6.tgz 0ms (cache hit)
711 http cache array-includes@https://registry.npmjs.org/array-includes/-/array-includes-3.1.9.tgz 0ms (cache hit)
712 http cache array-buffer-byte-length@https://registry.npmjs.org/array-buffer-byte-length/-/array-buffer-byte-length-1.0.2.tgz 0ms (cache hit)
713 http cache argparse@https://registry.npmjs.org/argparse/-/argparse-2.0.1.tgz 0ms (cache hit)
714 http cache aria-query@https://registry.npmjs.org/aria-query/-/aria-query-5.3.2.tgz 0ms (cache hit)
715 http cache ansi-styles@https://registry.npmjs.org/ansi-styles/-/ansi-styles-4.3.0.tgz 0ms (cache hit)
716 http cache array.prototype.findlast@https://registry.npmjs.org/array.prototype.findlast/-/array.prototype.findlast-1.2.5.tgz 0ms (cache hit)
717 http cache acorn-jsx@https://registry.npmjs.org/acorn-jsx/-/acorn-jsx-5.3.2.tgz 0ms (cache hit)
718 http cache @xtuc/long@https://registry.npmjs.org/@xtuc/long/-/long-4.2.2.tgz 0ms (cache hit)
719 http cache acorn-loose@https://registry.npmjs.org/acorn-loose/-/acorn-loose-8.5.2.tgz 0ms (cache hit)
720 http cache @xtuc/ieee754@https://registry.npmjs.org/@xtuc/ieee754/-/ieee754-1.2.0.tgz 0ms (cache hit)
721 http cache @webassemblyjs/wasm-parser@https://registry.npmjs.org/@webassemblyjs/wasm-parser/-/wasm-parser-1.14.1.tgz 0ms (cache hit)
722 http cache acorn-import-phases@https://registry.npmjs.org/acorn-import-phases/-/acorn-import-phases-1.0.4.tgz 0ms (cache hit)
723 http cache acorn@https://registry.npmjs.org/acorn/-/acorn-8.16.0.tgz 0ms (cache hit)
724 http cache ajv@https://registry.npmjs.org/ajv/-/ajv-6.15.0.tgz 0ms (cache hit)
725 http cache ajv-formats@https://registry.npmjs.org/ajv-formats/-/ajv-formats-2.1.1.tgz 1ms (cache hit)
726 http cache @webassemblyjs/wasm-opt@https://registry.npmjs.org/@webassemblyjs/wasm-opt/-/wasm-opt-1.14.1.tgz 0ms (cache hit)
727 http cache @webassemblyjs/wast-printer@https://registry.npmjs.org/@webassemblyjs/wast-printer/-/wast-printer-1.14.1.tgz 0ms (cache hit)
728 http cache @webassemblyjs/wasm-gen@https://registry.npmjs.org/@webassemblyjs/wasm-gen/-/wasm-gen-1.14.1.tgz 0ms (cache hit)
729 http cache @webassemblyjs/wasm-edit@https://registry.npmjs.org/@webassemblyjs/wasm-edit/-/wasm-edit-1.14.1.tgz 0ms (cache hit)
730 http cache @webassemblyjs/leb128@https://registry.npmjs.org/@webassemblyjs/leb128/-/leb128-1.13.2.tgz 0ms (cache hit)
731 http cache @webassemblyjs/utf8@https://registry.npmjs.org/@webassemblyjs/utf8/-/utf8-1.13.2.tgz 0ms (cache hit)
732 http cache @webassemblyjs/helper-wasm-section@https://registry.npmjs.org/@webassemblyjs/helper-wasm-section/-/helper-wasm-section-1.14.1.tgz 0ms (cache hit)
733 http cache @webassemblyjs/ieee754@https://registry.npmjs.org/@webassemblyjs/ieee754/-/ieee754-1.13.2.tgz 0ms (cache hit)
734 http cache @webassemblyjs/floating-point-hex-parser@https://registry.npmjs.org/@webassemblyjs/floating-point-hex-parser/-/floating-point-hex-parser-1.13.2.tgz 0ms (cache hit)
735 http cache @webassemblyjs/helper-wasm-bytecode@https://registry.npmjs.org/@webassemblyjs/helper-wasm-bytecode/-/helper-wasm-bytecode-1.13.2.tgz 0ms (cache hit)
736 http cache @webassemblyjs/helper-api-error@https://registry.npmjs.org/@webassemblyjs/helper-api-error/-/helper-api-error-1.13.2.tgz 0ms (cache hit)
737 http cache @webassemblyjs/ast@https://registry.npmjs.org/@webassemblyjs/ast/-/ast-1.14.1.tgz 0ms (cache hit)
738 http cache @webassemblyjs/helper-numbers@https://registry.npmjs.org/@webassemblyjs/helper-numbers/-/helper-numbers-1.13.2.tgz 0ms (cache hit)
739 http cache @vercel/og@https://registry.npmjs.org/@vercel/og/-/og-0.8.6.tgz 0ms (cache hit)
740 http cache @webassemblyjs/helper-buffer@https://registry.npmjs.org/@webassemblyjs/helper-buffer/-/helper-buffer-1.14.1.tgz 0ms (cache hit)
741 http cache @unrs/resolver-binding-win32-x64-msvc@https://registry.npmjs.org/@unrs/resolver-binding-win32-x64-msvc/-/resolver-binding-win32-x64-msvc-1.11.1.tgz 0ms (cache hit)
742 http cache @typescript-eslint/utils@https://registry.npmjs.org/@typescript-eslint/utils/-/utils-8.59.3.tgz 0ms (cache hit)
743 http cache @vitejs/plugin-react@https://registry.npmjs.org/@vitejs/plugin-react/-/plugin-react-6.0.2.tgz 0ms (cache hit)
744 http cache @unpic/react@https://registry.npmjs.org/@unpic/react/-/react-1.0.2.tgz 0ms (cache hit)
745 http cache @typescript-eslint/typescript-estree@https://registry.npmjs.org/@typescript-eslint/typescript-estree/-/typescript-estree-8.59.3.tgz 0ms (cache hit)
746 http cache @vitejs/plugin-rsc@https://registry.npmjs.org/@vitejs/plugin-rsc/-/plugin-rsc-0.5.26.tgz 0ms (cache hit)
747 http cache @unpic/core@https://registry.npmjs.org/@unpic/core/-/core-1.0.3.tgz 0ms (cache hit)
748 http cache @typescript-eslint/visitor-keys@https://registry.npmjs.org/@typescript-eslint/visitor-keys/-/visitor-keys-8.59.3.tgz 0ms (cache hit)
749 http cache @typescript-eslint/types@https://registry.npmjs.org/@typescript-eslint/types/-/types-8.59.3.tgz 0ms (cache hit)
750 http cache @typescript-eslint/type-utils@https://registry.npmjs.org/@typescript-eslint/type-utils/-/type-utils-8.59.3.tgz 0ms (cache hit)
751 http cache @typescript-eslint/project-service@https://registry.npmjs.org/@typescript-eslint/project-service/-/project-service-8.59.3.tgz 0ms (cache hit)
752 http cache @typescript-eslint/tsconfig-utils@https://registry.npmjs.org/@typescript-eslint/tsconfig-utils/-/tsconfig-utils-8.59.3.tgz 0ms (cache hit)
753 http cache @types/react-dom@https://registry.npmjs.org/@types/react-dom/-/react-dom-19.2.3.tgz 0ms (cache hit)
754 http cache @typescript-eslint/scope-manager@https://registry.npmjs.org/@typescript-eslint/scope-manager/-/scope-manager-8.59.3.tgz 0ms (cache hit)
755 http cache @typescript-eslint/eslint-plugin@https://registry.npmjs.org/@typescript-eslint/eslint-plugin/-/eslint-plugin-8.59.3.tgz 0ms (cache hit)
756 http cache @typescript-eslint/parser@https://registry.npmjs.org/@typescript-eslint/parser/-/parser-8.59.3.tgz 0ms (cache hit)
757 http cache @types/react@https://registry.npmjs.org/@types/react/-/react-19.2.14.tgz 0ms (cache hit)
758 http cache @types/json5@https://registry.npmjs.org/@types/json5/-/json5-0.0.29.tgz 0ms (cache hit)
759 http cache @types/json-schema@https://registry.npmjs.org/@types/json-schema/-/json-schema-7.0.15.tgz 0ms (cache hit)
760 http cache @tailwindcss/postcss@https://registry.npmjs.org/@tailwindcss/postcss/-/postcss-4.2.1.tgz 0ms (cache hit)
761 http cache @types/node@https://registry.npmjs.org/@types/node/-/node-22.19.19.tgz 0ms (cache hit)
762 http cache @tailwindcss/oxide-win32-x64-msvc@https://registry.npmjs.org/@tailwindcss/oxide-win32-x64-msvc/-/oxide-win32-x64-msvc-4.2.1.tgz 0ms (cache hit)
763 http cache @tailwindcss/oxide@https://registry.npmjs.org/@tailwindcss/oxide/-/oxide-4.2.1.tgz 0ms (cache hit)
764 http cache @tailwindcss/node@https://registry.npmjs.org/@tailwindcss/node/-/node-4.2.1.tgz 0ms (cache hit)
765 http cache @types/eslint-scope@https://registry.npmjs.org/@types/eslint-scope/-/eslint-scope-3.7.7.tgz 0ms (cache hit)
766 http cache @types/estree@https://registry.npmjs.org/@types/estree/-/estree-1.0.9.tgz 0ms (cache hit)
767 http cache @types/eslint@https://registry.npmjs.org/@types/eslint/-/eslint-9.6.1.tgz 0ms (cache hit)
768 http cache @swc/helpers@https://registry.npmjs.org/@swc/helpers/-/helpers-0.5.15.tgz 0ms (cache hit)
769 http cache @sindresorhus/is@https://registry.npmjs.org/@sindresorhus/is/-/is-7.2.0.tgz 0ms (cache hit)
770 http cache @svg-maps/world@https://registry.npmjs.org/@svg-maps/world/-/world-1.0.1.tgz 0ms (cache hit)
771 http cache @rolldown/pluginutils@https://registry.npmjs.org/@rolldown/pluginutils/-/pluginutils-1.0.1.tgz 0ms (cache hit)
772 http cache @shuding/opentype.js@https://registry.npmjs.org/@shuding/opentype.js/-/opentype.js-1.4.0-beta.0.tgz 0ms (cache hit)
773 http cache @speed-highlight/core@https://registry.npmjs.org/@speed-highlight/core/-/core-1.2.15.tgz 0ms (cache hit)
774 http cache @rtsao/scc@https://registry.npmjs.org/@rtsao/scc/-/scc-1.1.0.tgz 0ms (cache hit)
775 http cache @resvg/resvg-wasm@https://registry.npmjs.org/@resvg/resvg-wasm/-/resvg-wasm-2.4.0.tgz 0ms (cache hit)
776 http cache @nolyfill/is-core-module@https://registry.npmjs.org/@nolyfill/is-core-module/-/is-core-module-1.0.39.tgz 0ms (cache hit)
777 http cache @oxc-project/types@https://registry.npmjs.org/@oxc-project/types/-/types-0.130.0.tgz 0ms (cache hit)
778 http cache @rolldown/binding-win32-x64-msvc@https://registry.npmjs.org/@rolldown/binding-win32-x64-msvc/-/binding-win32-x64-msvc-1.0.1.tgz 0ms (cache hit)
779 http cache @poppinss/dumper@https://registry.npmjs.org/@poppinss/dumper/-/dumper-0.6.5.tgz 0ms (cache hit)
780 http cache @poppinss/exception@https://registry.npmjs.org/@poppinss/exception/-/exception-1.2.3.tgz 0ms (cache hit)
781 http cache @poppinss/colors@https://registry.npmjs.org/@poppinss/colors/-/colors-4.1.6.tgz 0ms (cache hit)
782 http cache @next/swc-win32-x64-msvc@https://registry.npmjs.org/@next/swc-win32-x64-msvc/-/swc-win32-x64-msvc-16.2.6.tgz 0ms (cache hit)
783 http cache @next/eslint-plugin-next@https://registry.npmjs.org/@next/eslint-plugin-next/-/eslint-plugin-next-16.2.6.tgz 0ms (cache hit)
784 http cache @nodelib/fs.scandir@https://registry.npmjs.org/@nodelib/fs.scandir/-/fs.scandir-2.1.5.tgz 0ms (cache hit)
785 http cache @next/env@https://registry.npmjs.org/@next/env/-/env-16.2.6.tgz 0ms (cache hit)
786 http cache @nodelib/fs.walk@https://registry.npmjs.org/@nodelib/fs.walk/-/fs.walk-1.2.8.tgz 0ms (cache hit)
787 http cache @nodelib/fs.stat@https://registry.npmjs.org/@nodelib/fs.stat/-/fs.stat-2.0.5.tgz 0ms (cache hit)
788 http cache @jridgewell/trace-mapping@https://registry.npmjs.org/@jridgewell/trace-mapping/-/trace-mapping-0.3.31.tgz 0ms (cache hit)
789 http cache @jridgewell/sourcemap-codec@https://registry.npmjs.org/@jridgewell/sourcemap-codec/-/sourcemap-codec-1.5.5.tgz 0ms (cache hit)
790 http cache @jridgewell/resolve-uri@https://registry.npmjs.org/@jridgewell/resolve-uri/-/resolve-uri-3.1.2.tgz 0ms (cache hit)
791 http cache @jridgewell/remapping@https://registry.npmjs.org/@jridgewell/remapping/-/remapping-2.3.5.tgz 0ms (cache hit)
792 http cache @jridgewell/gen-mapping@https://registry.npmjs.org/@jridgewell/gen-mapping/-/gen-mapping-0.3.13.tgz 0ms (cache hit)
793 http cache @jridgewell/source-map@https://registry.npmjs.org/@jridgewell/source-map/-/source-map-0.3.11.tgz 0ms (cache hit)
794 http cache @img/sharp-win32-x64@https://registry.npmjs.org/@img/sharp-win32-x64/-/sharp-win32-x64-0.34.5.tgz 0ms (cache hit)
795 http cache @img/colour@https://registry.npmjs.org/@img/colour/-/colour-1.1.0.tgz 0ms (cache hit)
796 http cache @humanfs/types@https://registry.npmjs.org/@humanfs/types/-/types-0.15.0.tgz 0ms (cache hit)
797 http cache @humanfs/core@https://registry.npmjs.org/@humanfs/core/-/core-0.19.2.tgz 0ms (cache hit)
798 http cache @humanwhocodes/module-importer@https://registry.npmjs.org/@humanwhocodes/module-importer/-/module-importer-1.0.1.tgz 0ms (cache hit)
799 http cache @humanfs/node@https://registry.npmjs.org/@humanfs/node/-/node-0.16.8.tgz 0ms (cache hit)
800 http cache @humanwhocodes/retry@https://registry.npmjs.org/@humanwhocodes/retry/-/retry-0.4.3.tgz 0ms (cache hit)
801 http cache @eslint/plugin-kit@https://registry.npmjs.org/@eslint/plugin-kit/-/plugin-kit-0.4.1.tgz 0ms (cache hit)
802 http cache @eslint/object-schema@https://registry.npmjs.org/@eslint/object-schema/-/object-schema-2.1.7.tgz 0ms (cache hit)
803 http cache @eslint-community/regexpp@https://registry.npmjs.org/@eslint-community/regexpp/-/regexpp-4.12.2.tgz 0ms (cache hit)
804 http cache @eslint/core@https://registry.npmjs.org/@eslint/core/-/core-0.17.0.tgz 0ms (cache hit)
805 http cache @eslint/js@https://registry.npmjs.org/@eslint/js/-/js-9.39.4.tgz 0ms (cache hit)
806 http cache @eslint/config-array@https://registry.npmjs.org/@eslint/config-array/-/config-array-0.21.2.tgz 0ms (cache hit)
807 http cache @eslint/config-helpers@https://registry.npmjs.org/@eslint/config-helpers/-/config-helpers-0.4.2.tgz 0ms (cache hit)
808 http cache @eslint/eslintrc@https://registry.npmjs.org/@eslint/eslintrc/-/eslintrc-3.3.5.tgz 0ms (cache hit)
809 http cache @eslint-community/eslint-utils@https://registry.npmjs.org/@eslint-community/eslint-utils/-/eslint-utils-4.9.1.tgz 0ms (cache hit)
810 http cache @cspotcode/source-map-support@https://registry.npmjs.org/@cspotcode/source-map-support/-/source-map-support-0.8.1.tgz 0ms (cache hit)
811 http cache @drizzle-team/brocli@https://registry.npmjs.org/@drizzle-team/brocli/-/brocli-0.10.2.tgz 0ms (cache hit)
812 http cache @esbuild-kit/core-utils@https://registry.npmjs.org/@esbuild-kit/core-utils/-/core-utils-3.3.2.tgz 0ms (cache hit)
813 http cache @esbuild-kit/esm-loader@https://registry.npmjs.org/@esbuild-kit/esm-loader/-/esm-loader-2.6.5.tgz 0ms (cache hit)
814 http cache @cloudflare/workerd-windows-64@https://registry.npmjs.org/@cloudflare/workerd-windows-64/-/workerd-windows-64-1.20260515.1.tgz 0ms (cache hit)
815 http cache @cloudflare/unenv-preset@https://registry.npmjs.org/@cloudflare/unenv-preset/-/unenv-preset-2.16.1.tgz 0ms (cache hit)
816 http cache @cloudflare/kv-asset-handler@https://registry.npmjs.org/@cloudflare/kv-asset-handler/-/kv-asset-handler-0.5.0.tgz 0ms (cache hit)
817 http cache @babel/traverse@https://registry.npmjs.org/@babel/traverse/-/traverse-7.29.0.tgz 0ms (cache hit)
818 http cache @babel/types@https://registry.npmjs.org/@babel/types/-/types-7.29.0.tgz 0ms (cache hit)
819 http cache @babel/template@https://registry.npmjs.org/@babel/template/-/template-7.28.6.tgz 0ms (cache hit)
820 http cache @cloudflare/vite-plugin@https://registry.npmjs.org/@cloudflare/vite-plugin/-/vite-plugin-1.37.1.tgz 0ms (cache hit)
821 http cache @esbuild/win32-x64@https://registry.npmjs.org/@esbuild/win32-x64/-/win32-x64-0.28.0.tgz 0ms (cache hit)
822 http cache @babel/helpers@https://registry.npmjs.org/@babel/helpers/-/helpers-7.29.2.tgz 0ms (cache hit)
823 http cache @babel/parser@https://registry.npmjs.org/@babel/parser/-/parser-7.29.3.tgz 0ms (cache hit)
824 http cache @babel/helper-validator-identifier@https://registry.npmjs.org/@babel/helper-validator-identifier/-/helper-validator-identifier-7.28.5.tgz 0ms (cache hit)
825 http cache @babel/helper-module-transforms@https://registry.npmjs.org/@babel/helper-module-transforms/-/helper-module-transforms-7.28.6.tgz 0ms (cache hit)
826 http cache @babel/helper-module-imports@https://registry.npmjs.org/@babel/helper-module-imports/-/helper-module-imports-7.28.6.tgz 0ms (cache hit)
827 http cache @babel/helper-string-parser@https://registry.npmjs.org/@babel/helper-string-parser/-/helper-string-parser-7.27.1.tgz 0ms (cache hit)
828 http cache @babel/helper-compilation-targets@https://registry.npmjs.org/@babel/helper-compilation-targets/-/helper-compilation-targets-7.28.6.tgz 0ms (cache hit)
829 http cache @babel/helper-globals@https://registry.npmjs.org/@babel/helper-globals/-/helper-globals-7.28.0.tgz 0ms (cache hit)
830 http cache @babel/helper-validator-option@https://registry.npmjs.org/@babel/helper-validator-option/-/helper-validator-option-7.27.1.tgz 0ms (cache hit)
831 http cache @babel/generator@https://registry.npmjs.org/@babel/generator/-/generator-7.29.1.tgz 0ms (cache hit)
832 http cache @alloc/quick-lru@https://registry.npmjs.org/@alloc/quick-lru/-/quick-lru-5.2.0.tgz 0ms (cache hit)
833 http cache @babel/core@https://registry.npmjs.org/@babel/core/-/core-7.29.0.tgz 0ms (cache hit)
834 http cache ansi-regex@https://registry.npmjs.org/ansi-regex/-/ansi-regex-5.0.1.tgz 0ms (cache hit)
835 http cache @babel/compat-data@https://registry.npmjs.org/@babel/compat-data/-/compat-data-7.29.3.tgz 0ms (cache hit)
836 http cache ansi-regex@https://registry.npmjs.org/ansi-regex/-/ansi-regex-5.0.1.tgz 0ms (cache hit)
837 http cache ansi-regex@https://registry.npmjs.org/ansi-regex/-/ansi-regex-5.0.1.tgz 0ms (cache hit)
838 http cache ansi-styles@https://registry.npmjs.org/ansi-styles/-/ansi-styles-6.2.3.tgz 0ms (cache hit)
839 http cache strip-ansi@https://registry.npmjs.org/strip-ansi/-/strip-ansi-6.0.1.tgz 0ms (cache hit)
840 http cache emoji-regex@https://registry.npmjs.org/emoji-regex/-/emoji-regex-8.0.0.tgz 0ms (cache hit)
841 http cache @babel/code-frame@https://registry.npmjs.org/@babel/code-frame/-/code-frame-7.29.0.tgz 0ms (cache hit)
842 http cache strip-ansi@https://registry.npmjs.org/strip-ansi/-/strip-ansi-6.0.1.tgz 0ms (cache hit)
843 http cache lru-cache@https://registry.npmjs.org/lru-cache/-/lru-cache-10.4.3.tgz 0ms (cache hit)
844 http cache emoji-regex@https://registry.npmjs.org/emoji-regex/-/emoji-regex-8.0.0.tgz 0ms (cache hit)
845 http cache brace-expansion@https://registry.npmjs.org/brace-expansion/-/brace-expansion-2.1.4.tgz 0ms (cache hit)
846 http cache semver@https://registry.npmjs.org/semver/-/semver-7.8.5.tgz 0ms (cache hit)
847 http cache brace-expansion@https://registry.npmjs.org/brace-expansion/-/brace-expansion-2.1.4.tgz 0ms (cache hit)
848 http cache commander@https://registry.npmjs.org/commander/-/commander-10.0.1.tgz 0ms (cache hit)
849 http cache string-width@https://registry.npmjs.org/string-width/-/string-width-4.2.3.tgz 0ms (cache hit)
850 http cache @react-email/render@https://registry.npmjs.org/@react-email/render/-/render-0.0.16.tgz 0ms (cache hit)
851 http cache minimatch@https://registry.npmjs.org/minimatch/-/minimatch-9.0.9.tgz 0ms (cache hit)
852 http cache scheduler@https://registry.npmjs.org/scheduler/-/scheduler-0.23.2.tgz 0ms (cache hit)
853 http cache react@https://registry.npmjs.org/react/-/react-18.3.1.tgz 0ms (cache hit)
854 http cache fast-deep-equal@https://registry.npmjs.org/fast-deep-equal/-/fast-deep-equal-2.0.1.tgz 0ms (cache hit)
855 http cache @esbuild/win32-x64@https://registry.npmjs.org/@esbuild/win32-x64/-/win32-x64-0.27.3.tgz 0ms (cache hit)
856 http cache minimatch@https://registry.npmjs.org/minimatch/-/minimatch-9.0.9.tgz 0ms (cache hit)
857 http cache estraverse@https://registry.npmjs.org/estraverse/-/estraverse-4.3.0.tgz 0ms (cache hit)
858 http cache react-dom@https://registry.npmjs.org/react-dom/-/react-dom-18.3.1.tgz 0ms (cache hit)
859 http cache eslint-scope@https://registry.npmjs.org/eslint-scope/-/eslint-scope-5.1.1.tgz 0ms (cache hit)
860 http cache glob-parent@https://registry.npmjs.org/glob-parent/-/glob-parent-5.1.2.tgz 0ms (cache hit)
861 http cache fast-glob@https://registry.npmjs.org/fast-glob/-/fast-glob-3.3.3.tgz 0ms (cache hit)
862 http cache esbuild@https://registry.npmjs.org/esbuild/-/esbuild-0.27.3.tgz 0ms (cache hit)
863 http cache lightningcss@https://registry.npmjs.org/lightningcss/-/lightningcss-1.32.0.tgz 0ms (cache hit)
864 http cache picomatch@https://registry.npmjs.org/picomatch/-/picomatch-4.0.4.tgz 0ms (cache hit)
865 http cache picomatch@https://registry.npmjs.org/picomatch/-/picomatch-4.0.4.tgz 0ms (cache hit)
866 http cache json5@https://registry.npmjs.org/json5/-/json5-1.0.2.tgz 0ms (cache hit)
867 http cache es-module-lexer@https://registry.npmjs.org/es-module-lexer/-/es-module-lexer-1.7.0.tgz 0ms (cache hit)
868 http cache lightningcss-win32-x64-msvc@https://registry.npmjs.org/lightningcss-win32-x64-msvc/-/lightningcss-win32-x64-msvc-1.32.0.tgz 0ms (cache hit)
869 http cache supports-color@https://registry.npmjs.org/supports-color/-/supports-color-8.1.1.tgz 0ms (cache hit)
870 http cache fdir@https://registry.npmjs.org/fdir/-/fdir-6.5.0.tgz 0ms (cache hit)
871 http cache semver@https://registry.npmjs.org/semver/-/semver-7.8.0.tgz 0ms (cache hit)
872 http cache json-schema-traverse@https://registry.npmjs.org/json-schema-traverse/-/json-schema-traverse-1.0.0.tgz 0ms (cache hit)
873 http cache js-tokens@https://registry.npmjs.org/js-tokens/-/js-tokens-9.0.1.tgz 0ms (cache hit)
874 http cache ajv-keywords@https://registry.npmjs.org/ajv-keywords/-/ajv-keywords-5.1.0.tgz 0ms (cache hit)
875 http cache ajv@https://registry.npmjs.org/ajv/-/ajv-8.20.0.tgz 0ms (cache hit)
876 http cache semver@https://registry.npmjs.org/semver/-/semver-7.8.0.tgz 0ms (cache hit)
877 http cache debug@https://registry.npmjs.org/debug/-/debug-3.2.7.tgz 0ms (cache hit)
878 http cache debug@https://registry.npmjs.org/debug/-/debug-3.2.7.tgz 0ms (cache hit)
879 http cache esbuild@https://registry.npmjs.org/esbuild/-/esbuild-0.25.12.tgz 0ms (cache hit)
880 http cache postcss@https://registry.npmjs.org/postcss/-/postcss-8.4.31.tgz 0ms (cache hit)
881 http cache debug@https://registry.npmjs.org/debug/-/debug-3.2.7.tgz 0ms (cache hit)
882 http cache globals@https://registry.npmjs.org/globals/-/globals-16.4.0.tgz 0ms (cache hit)
883 http cache glob-parent@https://registry.npmjs.org/glob-parent/-/glob-parent-5.1.2.tgz 0ms (cache hit)
884 http cache eslint-visitor-keys@https://registry.npmjs.org/eslint-visitor-keys/-/eslint-visitor-keys-5.0.1.tgz 0ms (cache hit)
885 http cache json-schema-traverse@https://registry.npmjs.org/json-schema-traverse/-/json-schema-traverse-1.0.0.tgz 0ms (cache hit)
886 http cache @esbuild/win32-x64@https://registry.npmjs.org/@esbuild/win32-x64/-/win32-x64-0.25.12.tgz 0ms (cache hit)
887 http cache ajv@https://registry.npmjs.org/ajv/-/ajv-8.20.0.tgz 0ms (cache hit)
888 http cache minimatch@https://registry.npmjs.org/minimatch/-/minimatch-10.2.5.tgz 0ms (cache hit)
889 http cache semver@https://registry.npmjs.org/semver/-/semver-7.8.0.tgz 0ms (cache hit)
890 http cache ignore@https://registry.npmjs.org/ignore/-/ignore-7.0.5.tgz 0ms (cache hit)
891 http cache eslint-visitor-keys@https://registry.npmjs.org/eslint-visitor-keys/-/eslint-visitor-keys-3.4.3.tgz 0ms (cache hit)
892 http cache brace-expansion@https://registry.npmjs.org/brace-expansion/-/brace-expansion-5.0.6.tgz 0ms (cache hit)
893 http cache balanced-match@https://registry.npmjs.org/balanced-match/-/balanced-match-4.0.4.tgz 0ms (cache hit)
894 http cache esbuild@https://registry.npmjs.org/esbuild/-/esbuild-0.18.20.tgz 0ms (cache hit)
895 http cache @rolldown/pluginutils@https://registry.npmjs.org/@rolldown/pluginutils/-/pluginutils-1.0.0-rc.18.tgz 0ms (cache hit)
896 http cache @esbuild/win32-x64@https://registry.npmjs.org/@esbuild/win32-x64/-/win32-x64-0.18.20.tgz 0ms (cache hit)
897 silly tarball no local data for ansi-regex@https://registry.npmjs.org/ansi-regex/-/ansi-regex-6.3.0.tgz. Extracting by manifest.
898 silly tarball no local data for is-fullwidth-code-point@https://registry.npmjs.org/is-fullwidth-code-point/-/is-fullwidth-code-point-3.0.0.tgz. Extracting by manifest.
899 silly tarball no local data for eastasianwidth@https://registry.npmjs.org/eastasianwidth/-/eastasianwidth-0.2.0.tgz. Extracting by manifest.
900 silly tarball no local data for peberminta@https://registry.npmjs.org/peberminta/-/peberminta-0.9.0.tgz. Extracting by manifest.
901 silly tarball no local data for parseley@https://registry.npmjs.org/parseley/-/parseley-0.12.1.tgz. Extracting by manifest.
902 silly tarball no local data for abbrev@https://registry.npmjs.org/abbrev/-/abbrev-2.0.0.tgz. Extracting by manifest.
903 silly tarball no local data for wrap-ansi-cjs@https://registry.npmjs.org/wrap-ansi/-/wrap-ansi-7.0.0.tgz. Extracting by manifest.
904 silly tarball no local data for leac@https://registry.npmjs.org/leac/-/leac-0.6.0.tgz. Extracting by manifest.
905 silly tarball no local data for wrap-ansi@https://registry.npmjs.org/wrap-ansi/-/wrap-ansi-8.1.0.tgz. Extracting by manifest.
906 silly tarball no local data for strip-ansi-cjs@https://registry.npmjs.org/strip-ansi/-/strip-ansi-6.0.1.tgz. Extracting by manifest.
907 silly tarball no local data for strip-ansi@https://registry.npmjs.org/strip-ansi/-/strip-ansi-7.2.0.tgz. Extracting by manifest.
908 http cache supports-color@https://registry.npmjs.org/supports-color/-/supports-color-10.2.2.tgz 0ms (cache hit)
909 silly tarball no local data for @pkgjs/parseargs@https://registry.npmjs.org/@pkgjs/parseargs/-/parseargs-0.11.0.tgz. Extracting by manifest.
910 silly tarball no local data for @isaacs/cliui@https://registry.npmjs.org/@isaacs/cliui/-/cliui-8.0.2.tgz. Extracting by manifest.
911 silly tarball no local data for string-width@https://registry.npmjs.org/string-width/-/string-width-5.1.2.tgz. Extracting by manifest.
912 silly tarball no local data for signal-exit@https://registry.npmjs.org/signal-exit/-/signal-exit-4.1.0.tgz. Extracting by manifest.
913 silly tarball no local data for string-width-cjs@https://registry.npmjs.org/string-width/-/string-width-4.2.3.tgz. Extracting by manifest.
914 silly tarball no local data for path-scurry@https://registry.npmjs.org/path-scurry/-/path-scurry-1.11.1.tgz. Extracting by manifest.
915 silly tarball no local data for minipass@https://registry.npmjs.org/minipass/-/minipass-7.1.3.tgz. Extracting by manifest.
916 silly tarball no local data for package-json-from-dist@https://registry.npmjs.org/package-json-from-dist/-/package-json-from-dist-1.0.1.tgz. Extracting by manifest.
917 silly tarball no local data for jackspeak@https://registry.npmjs.org/jackspeak/-/jackspeak-3.4.3.tgz. Extracting by manifest.
918 silly tarball no local data for @one-ini/wasm@https://registry.npmjs.org/@one-ini/wasm/-/wasm-0.1.1.tgz. Extracting by manifest.
919 http cache @jridgewell/trace-mapping@https://registry.npmjs.org/@jridgewell/trace-mapping/-/trace-mapping-0.3.9.tgz 0ms (cache hit)
920 silly tarball no local data for proto-list@https://registry.npmjs.org/proto-list/-/proto-list-1.2.4.tgz. Extracting by manifest.
921 silly tarball no local data for foreground-child@https://registry.npmjs.org/foreground-child/-/foreground-child-3.3.1.tgz. Extracting by manifest.
922 silly tarball no local data for nopt@https://registry.npmjs.org/nopt/-/nopt-7.2.1.tgz. Extracting by manifest.
923 silly tarball no local data for ini@https://registry.npmjs.org/ini/-/ini-1.3.8.tgz. Extracting by manifest.
924 silly tarball no local data for editorconfig@https://registry.npmjs.org/editorconfig/-/editorconfig-1.0.7.tgz. Extracting by manifest.
925 silly tarball no local data for glob@https://registry.npmjs.org/glob/-/glob-10.5.0.tgz. Extracting by manifest.
926 silly tarball no local data for config-chain@https://registry.npmjs.org/config-chain/-/config-chain-1.1.13.tgz. Extracting by manifest.
927 silly tarball no local data for domutils@https://registry.npmjs.org/domutils/-/domutils-3.2.2.tgz. Extracting by manifest.
928 silly tarball no local data for domelementtype@https://registry.npmjs.org/domelementtype/-/domelementtype-2.3.0.tgz. Extracting by manifest.
929 silly tarball no local data for entities@https://registry.npmjs.org/entities/-/entities-4.5.0.tgz. Extracting by manifest.
930 silly tarball no local data for selderee@https://registry.npmjs.org/selderee/-/selderee-0.11.0.tgz. Extracting by manifest.
931 silly tarball no local data for deepmerge@https://registry.npmjs.org/deepmerge/-/deepmerge-4.3.1.tgz. Extracting by manifest.
932 silly tarball no local data for htmlparser2@https://registry.npmjs.org/htmlparser2/-/htmlparser2-8.0.2.tgz. Extracting by manifest.
933 silly tarball no local data for @selderee/plugin-htmlparser2@https://registry.npmjs.org/@selderee/plugin-htmlparser2/-/plugin-htmlparser2-0.11.0.tgz. Extracting by manifest.
934 silly tarball no local data for js-cookie@https://registry.npmjs.org/js-cookie/-/js-cookie-3.0.8.tgz. Extracting by manifest.
935 silly tarball no local data for js-beautify@https://registry.npmjs.org/js-beautify/-/js-beautify-1.15.4.tgz. Extracting by manifest.
936 silly tarball no local data for dom-serializer@https://registry.npmjs.org/dom-serializer/-/dom-serializer-2.0.0.tgz. Extracting by manifest.
937 silly tarball no local data for html-to-text@https://registry.npmjs.org/html-to-text/-/html-to-text-9.0.5.tgz. Extracting by manifest.
938 silly tarball no local data for react-promise-suspense@https://registry.npmjs.org/react-promise-suspense/-/react-promise-suspense-0.3.4.tgz. Extracting by manifest.
939 silly tarball no local data for zod-validation-error@https://registry.npmjs.org/zod-validation-error/-/zod-validation-error-4.0.2.tgz. Extracting by manifest.
940 silly tarball no local data for youch-core@https://registry.npmjs.org/youch-core/-/youch-core-0.3.3.tgz. Extracting by manifest.
941 silly tarball no local data for youch@https://registry.npmjs.org/youch/-/youch-4.1.0-beta.10.tgz. Extracting by manifest.
942 silly tarball no local data for domhandler@https://registry.npmjs.org/domhandler/-/domhandler-5.0.3.tgz. Extracting by manifest.
943 silly tarball no local data for yallist@https://registry.npmjs.org/yallist/-/yallist-3.1.1.tgz. Extracting by manifest.
944 silly tarball no local data for resend@https://registry.npmjs.org/resend/-/resend-3.5.0.tgz. Extracting by manifest.
945 silly tarball no local data for yocto-queue@https://registry.npmjs.org/yocto-queue/-/yocto-queue-0.1.0.tgz. Extracting by manifest.
946 silly tarball no local data for wrangler@https://registry.npmjs.org/wrangler/-/wrangler-4.92.0.tgz. Extracting by manifest.
947 silly tarball no local data for yoga-layout@https://registry.npmjs.org/yoga-layout/-/yoga-layout-3.2.1.tgz. Extracting by manifest.
948 silly tarball no local data for workerd@https://registry.npmjs.org/workerd/-/workerd-1.20260515.1.tgz. Extracting by manifest.
949 silly tarball no local data for word-wrap@https://registry.npmjs.org/word-wrap/-/word-wrap-1.2.5.tgz. Extracting by manifest.
950 silly tarball no local data for ws@https://registry.npmjs.org/ws/-/ws-8.18.0.tgz. Extracting by manifest.
951 silly tarball no local data for which-collection@https://registry.npmjs.org/which-collection/-/which-collection-1.0.2.tgz. Extracting by manifest.
952 silly tarball no local data for which-builtin-type@https://registry.npmjs.org/which-builtin-type/-/which-builtin-type-1.2.1.tgz. Extracting by manifest.
953 silly tarball no local data for which-boxed-primitive@https://registry.npmjs.org/which-boxed-primitive/-/which-boxed-primitive-1.1.1.tgz. Extracting by manifest.
954 silly tarball no local data for zod@https://registry.npmjs.org/zod/-/zod-4.4.3.tgz. Extracting by manifest.
955 silly tarball no local data for which-typed-array@https://registry.npmjs.org/which-typed-array/-/which-typed-array-1.1.20.tgz. Extracting by manifest.
956 silly tarball no local data for which@https://registry.npmjs.org/which/-/which-2.0.2.tgz. Extracting by manifest.
957 silly tarball no local data for webpack-sources@https://registry.npmjs.org/webpack-sources/-/webpack-sources-3.4.1.tgz. Extracting by manifest.
958 silly tarball no local data for web-vitals@https://registry.npmjs.org/web-vitals/-/web-vitals-4.2.4.tgz. Extracting by manifest.
959 silly tarball no local data for vitefu@https://registry.npmjs.org/vitefu/-/vitefu-1.1.3.tgz. Extracting by manifest.
960 silly tarball no local data for watchpack@https://registry.npmjs.org/watchpack/-/watchpack-2.5.1.tgz. Extracting by manifest.
961 silly tarball no local data for vite@https://registry.npmjs.org/vite/-/vite-8.0.13.tgz. Extracting by manifest.
962 silly tarball no local data for vite-plugin-dynamic-import@https://registry.npmjs.org/vite-plugin-dynamic-import/-/vite-plugin-dynamic-import-1.6.0.tgz. Extracting by manifest.
963 silly tarball no local data for webpack@https://registry.npmjs.org/webpack/-/webpack-5.106.2.tgz. Extracting by manifest.
964 silly tarball no local data for vite-plugin-commonjs@https://registry.npmjs.org/vite-plugin-commonjs/-/vite-plugin-commonjs-0.10.4.tgz. Extracting by manifest.
965 silly tarball no local data for vinext@https://registry.npmjs.org/vinext/-/vinext-0.0.50.tgz. Extracting by manifest.
966 silly tarball no local data for vite-tsconfig-paths@https://registry.npmjs.org/vite-tsconfig-paths/-/vite-tsconfig-paths-6.1.1.tgz. Extracting by manifest.
967 silly tarball no local data for unrs-resolver@https://registry.npmjs.org/unrs-resolver/-/unrs-resolver-1.11.1.tgz. Extracting by manifest.
968 silly tarball no local data for update-browserslist-db@https://registry.npmjs.org/update-browserslist-db/-/update-browserslist-db-1.2.3.tgz. Extracting by manifest.
969 silly tarball no local data for unpic@https://registry.npmjs.org/unpic/-/unpic-4.2.2.tgz. Extracting by manifest.
970 silly tarball no local data for unicode-trie@https://registry.npmjs.org/unicode-trie/-/unicode-trie-2.0.0.tgz. Extracting by manifest.
971 silly tarball no local data for uri-js@https://registry.npmjs.org/uri-js/-/uri-js-4.4.1.tgz. Extracting by manifest.
972 silly tarball no local data for unenv@https://registry.npmjs.org/unenv/-/unenv-2.0.0-rc.24.tgz. Extracting by manifest.
973 silly tarball no local data for undici@https://registry.npmjs.org/undici/-/undici-7.24.8.tgz. Extracting by manifest.
974 silly tarball no local data for undici-types@https://registry.npmjs.org/undici-types/-/undici-types-6.21.0.tgz. Extracting by manifest.
975 silly tarball no local data for typescript-eslint@https://registry.npmjs.org/typescript-eslint/-/typescript-eslint-8.59.3.tgz. Extracting by manifest.
976 silly tarball no local data for typescript@https://registry.npmjs.org/typescript/-/typescript-5.9.3.tgz. Extracting by manifest.
977 silly tarball no local data for typed-array-byte-offset@https://registry.npmjs.org/typed-array-byte-offset/-/typed-array-byte-offset-1.0.4.tgz. Extracting by manifest.
978 silly tarball no local data for unbox-primitive@https://registry.npmjs.org/unbox-primitive/-/unbox-primitive-1.1.0.tgz. Extracting by manifest.
979 silly tarball no local data for typed-array-length@https://registry.npmjs.org/typed-array-length/-/typed-array-length-1.0.7.tgz. Extracting by manifest.
980 silly tarball no local data for typed-array-byte-length@https://registry.npmjs.org/typed-array-byte-length/-/typed-array-byte-length-1.0.3.tgz. Extracting by manifest.
981 silly tarball no local data for type-check@https://registry.npmjs.org/type-check/-/type-check-0.4.0.tgz. Extracting by manifest.
982 silly tarball no local data for tsx@https://registry.npmjs.org/tsx/-/tsx-4.22.1.tgz. Extracting by manifest.
983 silly tarball no local data for turbo-stream@https://registry.npmjs.org/turbo-stream/-/turbo-stream-3.2.0.tgz. Extracting by manifest.
984 silly tarball no local data for tslib@https://registry.npmjs.org/tslib/-/tslib-2.8.1.tgz. Extracting by manifest.
985 silly tarball no local data for tsconfig-paths@https://registry.npmjs.org/tsconfig-paths/-/tsconfig-paths-3.15.0.tgz. Extracting by manifest.
986 silly tarball no local data for tsconfck@https://registry.npmjs.org/tsconfck/-/tsconfck-3.1.6.tgz. Extracting by manifest.
987 silly tarball no local data for to-regex-range@https://registry.npmjs.org/to-regex-range/-/to-regex-range-5.0.1.tgz. Extracting by manifest.
988 silly tarball no local data for tiny-inflate@https://registry.npmjs.org/tiny-inflate/-/tiny-inflate-1.0.3.tgz. Extracting by manifest.
989 silly tarball no local data for terser-webpack-plugin@https://registry.npmjs.org/terser-webpack-plugin/-/terser-webpack-plugin-5.6.0.tgz. Extracting by manifest.
990 silly tarball no local data for ts-api-utils@https://registry.npmjs.org/ts-api-utils/-/ts-api-utils-2.5.0.tgz. Extracting by manifest.
991 silly tarball no local data for terser@https://registry.npmjs.org/terser/-/terser-5.47.1.tgz. Extracting by manifest.
992 silly tarball no local data for typed-array-buffer@https://registry.npmjs.org/typed-array-buffer/-/typed-array-buffer-1.0.3.tgz. Extracting by manifest.
993 silly tarball no local data for tinyglobby@https://registry.npmjs.org/tinyglobby/-/tinyglobby-0.2.16.tgz. Extracting by manifest.
994 silly tarball no local data for supports-preserve-symlinks-flag@https://registry.npmjs.org/supports-preserve-symlinks-flag/-/supports-preserve-symlinks-flag-1.0.0.tgz. Extracting by manifest.
995 silly tarball no local data for tapable@https://registry.npmjs.org/tapable/-/tapable-2.3.3.tgz. Extracting by manifest.
996 silly tarball no local data for strip-literal@https://registry.npmjs.org/strip-literal/-/strip-literal-3.1.0.tgz. Extracting by manifest.
997 silly tarball no local data for supports-color@https://registry.npmjs.org/supports-color/-/supports-color-7.2.0.tgz. Extracting by manifest.
998 silly tarball no local data for styled-jsx@https://registry.npmjs.org/styled-jsx/-/styled-jsx-5.1.6.tgz. Extracting by manifest.
999 silly tarball no local data for strip-bom@https://registry.npmjs.org/strip-bom/-/strip-bom-3.0.0.tgz. Extracting by manifest.
1000 silly tarball no local data for strip-json-comments@https://registry.npmjs.org/strip-json-comments/-/strip-json-comments-3.1.1.tgz. Extracting by manifest.
1001 silly tarball no local data for string.prototype.trimstart@https://registry.npmjs.org/string.prototype.trimstart/-/string.prototype.trimstart-1.0.8.tgz. Extracting by manifest.
1002 silly tarball no local data for string.prototype.matchall@https://registry.npmjs.org/string.prototype.matchall/-/string.prototype.matchall-4.0.12.tgz. Extracting by manifest.
1003 silly tarball no local data for string.prototype.trimend@https://registry.npmjs.org/string.prototype.trimend/-/string.prototype.trimend-1.0.9.tgz. Extracting by manifest.
1004 silly tarball no local data for string.prototype.trim@https://registry.npmjs.org/string.prototype.trim/-/string.prototype.trim-1.2.10.tgz. Extracting by manifest.
1005 silly tarball no local data for tailwindcss@https://registry.npmjs.org/tailwindcss/-/tailwindcss-4.2.1.tgz. Extracting by manifest.
1006 silly tarball no local data for string.prototype.repeat@https://registry.npmjs.org/string.prototype.repeat/-/string.prototype.repeat-1.0.0.tgz. Extracting by manifest.
1007 silly tarball no local data for string.prototype.includes@https://registry.npmjs.org/string.prototype.includes/-/string.prototype.includes-2.0.1.tgz. Extracting by manifest.
1008 silly tarball no local data for string.prototype.codepointat@https://registry.npmjs.org/string.prototype.codepointat/-/string.prototype.codepointat-0.2.1.tgz. Extracting by manifest.
1009 silly tarball no local data for srvx@https://registry.npmjs.org/srvx/-/srvx-0.11.15.tgz. Extracting by manifest.
1010 silly tarball no local data for source-map-support@https://registry.npmjs.org/source-map-support/-/source-map-support-0.5.21.tgz. Extracting by manifest.
1011 silly tarball no local data for stable-hash@https://registry.npmjs.org/stable-hash/-/stable-hash-0.0.5.tgz. Extracting by manifest.
1012 silly tarball no local data for source-map-js@https://registry.npmjs.org/source-map-js/-/source-map-js-1.2.1.tgz. Extracting by manifest.
1013 silly tarball no local data for source-map@https://registry.npmjs.org/source-map/-/source-map-0.6.1.tgz. Extracting by manifest.
1014 silly tarball no local data for side-channel-weakmap@https://registry.npmjs.org/side-channel-weakmap/-/side-channel-weakmap-1.0.2.tgz. Extracting by manifest.
1015 silly tarball no local data for stop-iteration-iterator@https://registry.npmjs.org/stop-iteration-iterator/-/stop-iteration-iterator-1.1.0.tgz. Extracting by manifest.
1016 silly tarball no local data for side-channel-map@https://registry.npmjs.org/side-channel-map/-/side-channel-map-1.0.1.tgz. Extracting by manifest.
1017 silly tarball no local data for side-channel-list@https://registry.npmjs.org/side-channel-list/-/side-channel-list-1.0.1.tgz. Extracting by manifest.
1018 silly tarball no local data for side-channel@https://registry.npmjs.org/side-channel/-/side-channel-1.1.0.tgz. Extracting by manifest.
1019 silly tarball no local data for shebang-command@https://registry.npmjs.org/shebang-command/-/shebang-command-2.0.0.tgz. Extracting by manifest.
1020 silly tarball no local data for shebang-regex@https://registry.npmjs.org/shebang-regex/-/shebang-regex-3.0.0.tgz. Extracting by manifest.
1021 silly tarball no local data for semver@https://registry.npmjs.org/semver/-/semver-6.3.1.tgz. Extracting by manifest.
1022 silly tarball no local data for set-proto@https://registry.npmjs.org/set-proto/-/set-proto-1.0.0.tgz. Extracting by manifest.
1023 silly tarball no local data for set-function-name@https://registry.npmjs.org/set-function-name/-/set-function-name-2.0.2.tgz. Extracting by manifest.
1024 silly tarball no local data for set-function-length@https://registry.npmjs.org/set-function-length/-/set-function-length-1.2.2.tgz. Extracting by manifest.
1025 silly tarball no local data for sharp@https://registry.npmjs.org/sharp/-/sharp-0.34.5.tgz. Extracting by manifest.
1026 silly tarball no local data for schema-utils@https://registry.npmjs.org/schema-utils/-/schema-utils-4.3.3.tgz. Extracting by manifest.
1027 silly tarball no local data for scheduler@https://registry.npmjs.org/scheduler/-/scheduler-0.27.0.tgz. Extracting by manifest.
1028 silly tarball no local data for satori@https://registry.npmjs.org/satori/-/satori-0.16.0.tgz. Extracting by manifest.
1029 silly tarball no local data for safe-push-apply@https://registry.npmjs.org/safe-push-apply/-/safe-push-apply-1.0.0.tgz. Extracting by manifest.
1030 silly tarball no local data for safe-array-concat@https://registry.npmjs.org/safe-array-concat/-/safe-array-concat-1.1.4.tgz. Extracting by manifest.
1031 silly tarball no local data for safe-regex-test@https://registry.npmjs.org/safe-regex-test/-/safe-regex-test-1.1.0.tgz. Extracting by manifest.
1032 silly tarball no local data for rolldown@https://registry.npmjs.org/rolldown/-/rolldown-1.0.1.tgz. Extracting by manifest.
1033 silly tarball no local data for resolve-pkg-maps@https://registry.npmjs.org/resolve-pkg-maps/-/resolve-pkg-maps-1.0.0.tgz. Extracting by manifest.
1034 silly tarball no local data for reusify@https://registry.npmjs.org/reusify/-/reusify-1.1.0.tgz. Extracting by manifest.
1035 silly tarball no local data for run-parallel@https://registry.npmjs.org/run-parallel/-/run-parallel-1.2.0.tgz. Extracting by manifest.
1036 silly tarball no local data for resolve-from@https://registry.npmjs.org/resolve-from/-/resolve-from-4.0.0.tgz. Extracting by manifest.
1037 silly tarball no local data for require-from-string@https://registry.npmjs.org/require-from-string/-/require-from-string-2.0.2.tgz. Extracting by manifest.
1038 silly tarball no local data for resolve@https://registry.npmjs.org/resolve/-/resolve-2.0.0-next.7.tgz. Extracting by manifest.
1039 silly tarball no local data for regexp.prototype.flags@https://registry.npmjs.org/regexp.prototype.flags/-/regexp.prototype.flags-1.5.4.tgz. Extracting by manifest.
1040 silly tarball no local data for react-server-dom-webpack@https://registry.npmjs.org/react-server-dom-webpack/-/react-server-dom-webpack-19.2.6.tgz. Extracting by manifest.
1041 silly tarball no local data for reflect.getprototypeof@https://registry.npmjs.org/reflect.getprototypeof/-/reflect.getprototypeof-1.0.10.tgz. Extracting by manifest.
1042 silly tarball no local data for react-is@https://registry.npmjs.org/react-is/-/react-is-16.13.1.tgz. Extracting by manifest.
1043 silly tarball no local data for react-dom@https://registry.npmjs.org/react-dom/-/react-dom-19.2.6.tgz. Extracting by manifest.
1044 silly tarball no local data for queue-microtask@https://registry.npmjs.org/queue-microtask/-/queue-microtask-1.2.3.tgz. Extracting by manifest.
1045 silly tarball no local data for punycode@https://registry.npmjs.org/punycode/-/punycode-2.3.1.tgz. Extracting by manifest.
1046 silly tarball no local data for prop-types@https://registry.npmjs.org/prop-types/-/prop-types-15.8.1.tgz. Extracting by manifest.
1047 silly tarball no local data for prelude-ls@https://registry.npmjs.org/prelude-ls/-/prelude-ls-1.2.1.tgz. Extracting by manifest.
1048 silly tarball no local data for postcss@https://registry.npmjs.org/postcss/-/postcss-8.5.14.tgz. Extracting by manifest.
1049 silly tarball no local data for postcss-value-parser@https://registry.npmjs.org/postcss-value-parser/-/postcss-value-parser-4.2.0.tgz. Extracting by manifest.
1050 silly tarball no local data for picomatch@https://registry.npmjs.org/picomatch/-/picomatch-2.3.2.tgz. Extracting by manifest.
1051 silly tarball no local data for possible-typed-array-names@https://registry.npmjs.org/possible-typed-array-names/-/possible-typed-array-names-1.1.0.tgz. Extracting by manifest.
1052 silly tarball no local data for picocolors@https://registry.npmjs.org/picocolors/-/picocolors-1.1.1.tgz. Extracting by manifest.
1053 silly tarball no local data for pathe@https://registry.npmjs.org/pathe/-/pathe-2.0.3.tgz. Extracting by manifest.
1054 silly tarball no local data for path-to-regexp@https://registry.npmjs.org/path-to-regexp/-/path-to-regexp-6.3.0.tgz. Extracting by manifest.
1055 silly tarball no local data for path-parse@https://registry.npmjs.org/path-parse/-/path-parse-1.0.7.tgz. Extracting by manifest.
1056 silly tarball no local data for path-exists@https://registry.npmjs.org/path-exists/-/path-exists-4.0.0.tgz. Extracting by manifest.
1057 silly tarball no local data for path-key@https://registry.npmjs.org/path-key/-/path-key-3.1.1.tgz. Extracting by manifest.
1058 silly tarball no local data for parse-css-color@https://registry.npmjs.org/parse-css-color/-/parse-css-color-0.2.1.tgz. Extracting by manifest.
1059 silly tarball no local data for parent-module@https://registry.npmjs.org/parent-module/-/parent-module-1.0.1.tgz. Extracting by manifest.
1060 silly tarball no local data for pako@https://registry.npmjs.org/pako/-/pako-0.2.9.tgz. Extracting by manifest.
1061 silly tarball no local data for p-limit@https://registry.npmjs.org/p-limit/-/p-limit-3.1.0.tgz. Extracting by manifest.
1062 silly tarball no local data for p-locate@https://registry.npmjs.org/p-locate/-/p-locate-5.0.0.tgz. Extracting by manifest.
1063 silly tarball no local data for own-keys@https://registry.npmjs.org/own-keys/-/own-keys-1.0.1.tgz. Extracting by manifest.
1064 silly tarball no local data for optionator@https://registry.npmjs.org/optionator/-/optionator-0.9.4.tgz. Extracting by manifest.
1065 silly tarball no local data for object.values@https://registry.npmjs.org/object.values/-/object.values-1.2.1.tgz. Extracting by manifest.
1066 silly tarball no local data for object.groupby@https://registry.npmjs.org/object.groupby/-/object.groupby-1.0.3.tgz. Extracting by manifest.
1067 silly tarball no local data for object.entries@https://registry.npmjs.org/object.entries/-/object.entries-1.1.9.tgz. Extracting by manifest.
1068 silly tarball no local data for object.fromentries@https://registry.npmjs.org/object.fromentries/-/object.fromentries-2.0.8.tgz. Extracting by manifest.
1069 silly tarball no local data for object.assign@https://registry.npmjs.org/object.assign/-/object.assign-4.1.7.tgz. Extracting by manifest.
1070 silly tarball no local data for object-keys@https://registry.npmjs.org/object-keys/-/object-keys-1.1.1.tgz. Extracting by manifest.
1071 silly tarball no local data for react@https://registry.npmjs.org/react/-/react-19.2.6.tgz. Extracting by manifest.
1072 silly tarball no local data for object-inspect@https://registry.npmjs.org/object-inspect/-/object-inspect-1.13.4.tgz. Extracting by manifest.
1073 silly tarball no local data for object-assign@https://registry.npmjs.org/object-assign/-/object-assign-4.1.1.tgz. Extracting by manifest.
1074 silly tarball no local data for node-releases@https://registry.npmjs.org/node-releases/-/node-releases-2.0.44.tgz. Extracting by manifest.
1075 silly tarball no local data for next@https://registry.npmjs.org/next/-/next-16.2.6.tgz. Extracting by manifest.
1076 silly tarball no local data for napi-postinstall@https://registry.npmjs.org/napi-postinstall/-/napi-postinstall-0.3.4.tgz. Extracting by manifest.
1077 silly tarball no local data for neo-async@https://registry.npmjs.org/neo-async/-/neo-async-2.6.2.tgz. Extracting by manifest.
1078 silly tarball no local data for node-exports-info@https://registry.npmjs.org/node-exports-info/-/node-exports-info-1.6.0.tgz. Extracting by manifest.
1079 silly tarball no local data for nanoid@https://registry.npmjs.org/nanoid/-/nanoid-3.3.12.tgz. Extracting by manifest.
1080 silly tarball no local data for natural-compare@https://registry.npmjs.org/natural-compare/-/natural-compare-1.4.0.tgz. Extracting by manifest.
1081 silly tarball no local data for minimatch@https://registry.npmjs.org/minimatch/-/minimatch-3.1.5.tgz. Extracting by manifest.
1082 silly tarball no local data for miniflare@https://registry.npmjs.org/miniflare/-/miniflare-4.20260515.0.tgz. Extracting by manifest.
1083 silly tarball no local data for micromatch@https://registry.npmjs.org/micromatch/-/micromatch-4.0.8.tgz. Extracting by manifest.
1084 silly tarball no local data for mime-db@https://registry.npmjs.org/mime-db/-/mime-db-1.54.0.tgz. Extracting by manifest.
1085 silly tarball no local data for merge-stream@https://registry.npmjs.org/merge-stream/-/merge-stream-2.0.0.tgz. Extracting by manifest.
1086 silly tarball no local data for math-intrinsics@https://registry.npmjs.org/math-intrinsics/-/math-intrinsics-1.1.0.tgz. Extracting by manifest.
1087 silly tarball no local data for magic-string@https://registry.npmjs.org/magic-string/-/magic-string-0.30.21.tgz. Extracting by manifest.
1088 silly tarball no local data for lru-cache@https://registry.npmjs.org/lru-cache/-/lru-cache-5.1.1.tgz. Extracting by manifest.
1089 silly tarball no local data for merge2@https://registry.npmjs.org/merge2/-/merge2-1.4.1.tgz. Extracting by manifest.
1090 silly tarball no local data for ms@https://registry.npmjs.org/ms/-/ms-2.1.3.tgz. Extracting by manifest.
1091 silly tarball no local data for loose-envify@https://registry.npmjs.org/loose-envify/-/loose-envify-1.4.0.tgz. Extracting by manifest.
1092 silly tarball no local data for locate-path@https://registry.npmjs.org/locate-path/-/locate-path-6.0.0.tgz. Extracting by manifest.
1093 silly tarball no local data for lodash.merge@https://registry.npmjs.org/lodash.merge/-/lodash.merge-4.6.2.tgz. Extracting by manifest.
1094 silly tarball no local data for minimist@https://registry.npmjs.org/minimist/-/minimist-1.2.8.tgz. Extracting by manifest.
1095 silly tarball no local data for lightningcss@https://registry.npmjs.org/lightningcss/-/lightningcss-1.31.1.tgz. Extracting by manifest.
1096 silly tarball no local data for loader-runner@https://registry.npmjs.org/loader-runner/-/loader-runner-4.3.2.tgz. Extracting by manifest.
1097 silly tarball no local data for levn@https://registry.npmjs.org/levn/-/levn-0.4.1.tgz. Extracting by manifest.
1098 silly tarball no local data for language-tags@https://registry.npmjs.org/language-tags/-/language-tags-1.0.9.tgz. Extracting by manifest.
1099 silly tarball no local data for language-subtag-registry@https://registry.npmjs.org/language-subtag-registry/-/language-subtag-registry-0.3.23.tgz. Extracting by manifest.
1100 silly tarball no local data for kleur@https://registry.npmjs.org/kleur/-/kleur-4.1.5.tgz. Extracting by manifest.
1101 silly tarball no local data for linebreak@https://registry.npmjs.org/linebreak/-/linebreak-1.1.0.tgz. Extracting by manifest.
1102 silly tarball no local data for jsx-ast-utils@https://registry.npmjs.org/jsx-ast-utils/-/jsx-ast-utils-3.3.5.tgz. Extracting by manifest.
1103 silly tarball no local data for keyv@https://registry.npmjs.org/keyv/-/keyv-4.5.4.tgz. Extracting by manifest.
1104 silly tarball no local data for json5@https://registry.npmjs.org/json5/-/json5-2.2.3.tgz. Extracting by manifest.
1105 silly tarball no local data for json-schema-traverse@https://registry.npmjs.org/json-schema-traverse/-/json-schema-traverse-0.4.1.tgz. Extracting by manifest.
1106 silly tarball no local data for json-stable-stringify-without-jsonify@https://registry.npmjs.org/json-stable-stringify-without-jsonify/-/json-stable-stringify-without-jsonify-1.0.1.tgz. Extracting by manifest.
1107 silly tarball no local data for jsesc@https://registry.npmjs.org/jsesc/-/jsesc-3.1.0.tgz. Extracting by manifest.
1108 silly tarball no local data for json-buffer@https://registry.npmjs.org/json-buffer/-/json-buffer-3.0.1.tgz. Extracting by manifest.
1109 silly tarball no local data for js-yaml@https://registry.npmjs.org/js-yaml/-/js-yaml-4.1.1.tgz. Extracting by manifest.
1110 silly tarball no local data for js-tokens@https://registry.npmjs.org/js-tokens/-/js-tokens-4.0.0.tgz. Extracting by manifest.
1111 silly tarball no local data for jest-worker@https://registry.npmjs.org/jest-worker/-/jest-worker-27.5.1.tgz. Extracting by manifest.
1112 silly tarball no local data for iterator.prototype@https://registry.npmjs.org/iterator.prototype/-/iterator.prototype-1.1.5.tgz. Extracting by manifest.
1113 silly tarball no local data for jiti@https://registry.npmjs.org/jiti/-/jiti-2.7.0.tgz. Extracting by manifest.
1114 silly tarball no local data for isexe@https://registry.npmjs.org/isexe/-/isexe-2.0.0.tgz. Extracting by manifest.
1115 silly tarball no local data for isarray@https://registry.npmjs.org/isarray/-/isarray-2.0.5.tgz. Extracting by manifest.
1116 silly tarball no local data for lightningcss-win32-x64-msvc@https://registry.npmjs.org/lightningcss-win32-x64-msvc/-/lightningcss-win32-x64-msvc-1.31.1.tgz. Extracting by manifest.
1117 silly tarball no local data for is-weakref@https://registry.npmjs.org/is-weakref/-/is-weakref-1.1.1.tgz. Extracting by manifest.
1118 silly tarball no local data for is-weakset@https://registry.npmjs.org/is-weakset/-/is-weakset-2.0.4.tgz. Extracting by manifest.
1119 silly tarball no local data for is-weakmap@https://registry.npmjs.org/is-weakmap/-/is-weakmap-2.0.2.tgz. Extracting by manifest.
1120 silly tarball no local data for is-typed-array@https://registry.npmjs.org/is-typed-array/-/is-typed-array-1.1.15.tgz. Extracting by manifest.
1121 silly tarball no local data for is-symbol@https://registry.npmjs.org/is-symbol/-/is-symbol-1.1.1.tgz. Extracting by manifest.
1122 silly tarball no local data for is-string@https://registry.npmjs.org/is-string/-/is-string-1.1.1.tgz. Extracting by manifest.
1123 silly tarball no local data for is-shared-array-buffer@https://registry.npmjs.org/is-shared-array-buffer/-/is-shared-array-buffer-1.0.4.tgz. Extracting by manifest.
1124 silly tarball no local data for is-set@https://registry.npmjs.org/is-set/-/is-set-2.0.3.tgz. Extracting by manifest.
1125 silly tarball no local data for is-number-object@https://registry.npmjs.org/is-number-object/-/is-number-object-1.1.1.tgz. Extracting by manifest.
1126 silly tarball no local data for is-number@https://registry.npmjs.org/is-number/-/is-number-7.0.0.tgz. Extracting by manifest.
1127 silly tarball no local data for is-negative-zero@https://registry.npmjs.org/is-negative-zero/-/is-negative-zero-2.0.3.tgz. Extracting by manifest.
1128 silly tarball no local data for is-glob@https://registry.npmjs.org/is-glob/-/is-glob-4.0.3.tgz. Extracting by manifest.
1129 silly tarball no local data for is-finalizationregistry@https://registry.npmjs.org/is-finalizationregistry/-/is-finalizationregistry-1.1.1.tgz. Extracting by manifest.
1130 silly tarball no local data for is-map@https://registry.npmjs.org/is-map/-/is-map-2.0.3.tgz. Extracting by manifest.
1131 silly tarball no local data for is-generator-function@https://registry.npmjs.org/is-generator-function/-/is-generator-function-1.1.2.tgz. Extracting by manifest.
1132 silly tarball no local data for is-extglob@https://registry.npmjs.org/is-extglob/-/is-extglob-2.1.1.tgz. Extracting by manifest.
1133 silly tarball no local data for is-regex@https://registry.npmjs.org/is-regex/-/is-regex-1.2.1.tgz. Extracting by manifest.
1134 silly tarball no local data for is-core-module@https://registry.npmjs.org/is-core-module/-/is-core-module-2.16.2.tgz. Extracting by manifest.
1135 silly tarball no local data for is-date-object@https://registry.npmjs.org/is-date-object/-/is-date-object-1.1.0.tgz. Extracting by manifest.
1136 silly tarball no local data for is-data-view@https://registry.npmjs.org/is-data-view/-/is-data-view-1.0.2.tgz. Extracting by manifest.
1137 silly tarball no local data for is-bigint@https://registry.npmjs.org/is-bigint/-/is-bigint-1.1.0.tgz. Extracting by manifest.
1138 silly tarball no local data for is-bun-module@https://registry.npmjs.org/is-bun-module/-/is-bun-module-2.0.0.tgz. Extracting by manifest.
1139 silly tarball no local data for is-boolean-object@https://registry.npmjs.org/is-boolean-object/-/is-boolean-object-1.2.2.tgz. Extracting by manifest.
1140 silly tarball no local data for is-async-function@https://registry.npmjs.org/is-async-function/-/is-async-function-2.1.1.tgz. Extracting by manifest.
1141 silly tarball no local data for is-array-buffer@https://registry.npmjs.org/is-array-buffer/-/is-array-buffer-3.0.5.tgz. Extracting by manifest.
1142 silly tarball no local data for is-callable@https://registry.npmjs.org/is-callable/-/is-callable-1.2.7.tgz. Extracting by manifest.
1143 silly tarball no local data for imurmurhash@https://registry.npmjs.org/imurmurhash/-/imurmurhash-0.1.4.tgz. Extracting by manifest.
1144 silly tarball no local data for internal-slot@https://registry.npmjs.org/internal-slot/-/internal-slot-1.1.0.tgz. Extracting by manifest.
1145 silly tarball no local data for ipaddr.js@https://registry.npmjs.org/ipaddr.js/-/ipaddr.js-2.4.0.tgz. Extracting by manifest.
1146 silly tarball no local data for import-fresh@https://registry.npmjs.org/import-fresh/-/import-fresh-3.3.1.tgz. Extracting by manifest.
1147 silly tarball no local data for image-size@https://registry.npmjs.org/image-size/-/image-size-2.0.2.tgz. Extracting by manifest.
1148 silly tarball no local data for hex-rgb@https://registry.npmjs.org/hex-rgb/-/hex-rgb-4.3.0.tgz. Extracting by manifest.
1149 silly tarball no local data for ignore@https://registry.npmjs.org/ignore/-/ignore-5.3.2.tgz. Extracting by manifest.
1150 silly tarball no local data for has-tostringtag@https://registry.npmjs.org/has-tostringtag/-/has-tostringtag-1.0.2.tgz. Extracting by manifest.
1151 silly tarball no local data for hasown@https://registry.npmjs.org/hasown/-/hasown-2.0.3.tgz. Extracting by manifest.
1152 silly tarball no local data for hermes-parser@https://registry.npmjs.org/hermes-parser/-/hermes-parser-0.25.1.tgz. Extracting by manifest.
1153 silly tarball no local data for has-proto@https://registry.npmjs.org/has-proto/-/has-proto-1.2.0.tgz. Extracting by manifest.
1154 silly tarball no local data for hermes-estree@https://registry.npmjs.org/hermes-estree/-/hermes-estree-0.25.1.tgz. Extracting by manifest.
1155 silly tarball no local data for has-flag@https://registry.npmjs.org/has-flag/-/has-flag-4.0.0.tgz. Extracting by manifest.
1156 silly tarball no local data for graceful-fs@https://registry.npmjs.org/graceful-fs/-/graceful-fs-4.2.11.tgz. Extracting by manifest.
1157 silly tarball no local data for has-property-descriptors@https://registry.npmjs.org/has-property-descriptors/-/has-property-descriptors-1.0.2.tgz. Extracting by manifest.
1158 silly tarball no local data for has-symbols@https://registry.npmjs.org/has-symbols/-/has-symbols-1.1.0.tgz. Extracting by manifest.
1159 silly tarball no local data for globrex@https://registry.npmjs.org/globrex/-/globrex-0.1.2.tgz. Extracting by manifest.
1160 silly tarball no local data for has-bigints@https://registry.npmjs.org/has-bigints/-/has-bigints-1.1.0.tgz. Extracting by manifest.
1161 silly tarball no local data for globalthis@https://registry.npmjs.org/globalthis/-/globalthis-1.0.4.tgz. Extracting by manifest.
1162 silly tarball no local data for gopd@https://registry.npmjs.org/gopd/-/gopd-1.2.0.tgz. Extracting by manifest.
1163 silly tarball no local data for globals@https://registry.npmjs.org/globals/-/globals-14.0.0.tgz. Extracting by manifest.
1164 silly tarball no local data for glob-to-regexp@https://registry.npmjs.org/glob-to-regexp/-/glob-to-regexp-0.4.1.tgz. Extracting by manifest.
1165 silly tarball no local data for glob-parent@https://registry.npmjs.org/glob-parent/-/glob-parent-6.0.2.tgz. Extracting by manifest.
1166 silly tarball no local data for get-symbol-description@https://registry.npmjs.org/get-symbol-description/-/get-symbol-description-1.1.0.tgz. Extracting by manifest.
1167 silly tarball no local data for get-tsconfig@https://registry.npmjs.org/get-tsconfig/-/get-tsconfig-4.14.0.tgz. Extracting by manifest.
1168 silly tarball no local data for get-proto@https://registry.npmjs.org/get-proto/-/get-proto-1.0.1.tgz. Extracting by manifest.
1169 silly tarball no local data for get-intrinsic@https://registry.npmjs.org/get-intrinsic/-/get-intrinsic-1.3.0.tgz. Extracting by manifest.
1170 silly tarball no local data for gensync@https://registry.npmjs.org/gensync/-/gensync-1.0.0-beta.2.tgz. Extracting by manifest.
1171 silly tarball no local data for generator-function@https://registry.npmjs.org/generator-function/-/generator-function-2.0.1.tgz. Extracting by manifest.
1172 silly tarball no local data for function.prototype.name@https://registry.npmjs.org/function.prototype.name/-/function.prototype.name-1.1.8.tgz. Extracting by manifest.
1173 silly tarball no local data for find-up@https://registry.npmjs.org/find-up/-/find-up-5.0.0.tgz. Extracting by manifest.
1174 silly tarball no local data for functions-have-names@https://registry.npmjs.org/functions-have-names/-/functions-have-names-1.2.3.tgz. Extracting by manifest.
1175 silly tarball no local data for function-bind@https://registry.npmjs.org/function-bind/-/function-bind-1.1.2.tgz. Extracting by manifest.
1176 silly tarball no local data for flat-cache@https://registry.npmjs.org/flat-cache/-/flat-cache-4.0.1.tgz. Extracting by manifest.
1177 silly tarball no local data for flatted@https://registry.npmjs.org/flatted/-/flatted-3.4.2.tgz. Extracting by manifest.
1178 silly tarball no local data for fill-range@https://registry.npmjs.org/fill-range/-/fill-range-7.1.1.tgz. Extracting by manifest.
1179 silly tarball no local data for file-entry-cache@https://registry.npmjs.org/file-entry-cache/-/file-entry-cache-8.0.0.tgz. Extracting by manifest.
1180 silly tarball no local data for fastq@https://registry.npmjs.org/fastq/-/fastq-1.20.1.tgz. Extracting by manifest.
1181 silly tarball no local data for for-each@https://registry.npmjs.org/for-each/-/for-each-0.3.5.tgz. Extracting by manifest.
1182 silly tarball no local data for fast-uri@https://registry.npmjs.org/fast-uri/-/fast-uri-3.1.2.tgz. Extracting by manifest.
1183 silly tarball no local data for fflate@https://registry.npmjs.org/fflate/-/fflate-0.7.4.tgz. Extracting by manifest.
1184 silly tarball no local data for fast-levenshtein@https://registry.npmjs.org/fast-levenshtein/-/fast-levenshtein-2.0.6.tgz. Extracting by manifest.
1185 silly tarball no local data for fast-glob@https://registry.npmjs.org/fast-glob/-/fast-glob-3.3.1.tgz. Extracting by manifest.
1186 silly tarball no local data for estree-walker@https://registry.npmjs.org/estree-walker/-/estree-walker-3.0.3.tgz. Extracting by manifest.
1187 silly tarball no local data for fast-deep-equal@https://registry.npmjs.org/fast-deep-equal/-/fast-deep-equal-3.1.3.tgz. Extracting by manifest.
1188 silly tarball no local data for events@https://registry.npmjs.org/events/-/events-3.3.0.tgz. Extracting by manifest.
1189 silly tarball no local data for fast-json-stable-stringify@https://registry.npmjs.org/fast-json-stable-stringify/-/fast-json-stable-stringify-2.1.0.tgz. Extracting by manifest.
1190 silly tarball no local data for estraverse@https://registry.npmjs.org/estraverse/-/estraverse-5.3.0.tgz. Extracting by manifest.
1191 silly tarball no local data for esquery@https://registry.npmjs.org/esquery/-/esquery-1.7.0.tgz. Extracting by manifest.
1192 silly tarball no local data for esutils@https://registry.npmjs.org/esutils/-/esutils-2.0.3.tgz. Extracting by manifest.
1193 silly tarball no local data for eslint-visitor-keys@https://registry.npmjs.org/eslint-visitor-keys/-/eslint-visitor-keys-4.2.1.tgz. Extracting by manifest.
1194 silly tarball no local data for espree@https://registry.npmjs.org/espree/-/espree-10.4.0.tgz. Extracting by manifest.
1195 silly tarball no local data for esrecurse@https://registry.npmjs.org/esrecurse/-/esrecurse-4.3.0.tgz. Extracting by manifest.
1196 silly tarball no local data for eslint-scope@https://registry.npmjs.org/eslint-scope/-/eslint-scope-8.4.0.tgz. Extracting by manifest.
1197 silly tarball no local data for eslint-plugin-react-hooks@https://registry.npmjs.org/eslint-plugin-react-hooks/-/eslint-plugin-react-hooks-7.1.1.tgz. Extracting by manifest.
1198 silly tarball no local data for eslint-plugin-jsx-a11y@https://registry.npmjs.org/eslint-plugin-jsx-a11y/-/eslint-plugin-jsx-a11y-6.10.2.tgz. Extracting by manifest.
1199 silly tarball no local data for eslint-module-utils@https://registry.npmjs.org/eslint-module-utils/-/eslint-module-utils-2.12.1.tgz. Extracting by manifest.
1200 silly tarball no local data for eslint-import-resolver-typescript@https://registry.npmjs.org/eslint-import-resolver-typescript/-/eslint-import-resolver-typescript-3.10.1.tgz. Extracting by manifest.
1201 silly tarball no local data for eslint-plugin-react@https://registry.npmjs.org/eslint-plugin-react/-/eslint-plugin-react-7.37.5.tgz. Extracting by manifest.
1202 silly tarball no local data for eslint-import-resolver-node@https://registry.npmjs.org/eslint-import-resolver-node/-/eslint-import-resolver-node-0.3.10.tgz. Extracting by manifest.
1203 silly tarball no local data for eslint-plugin-import@https://registry.npmjs.org/eslint-plugin-import/-/eslint-plugin-import-2.32.0.tgz. Extracting by manifest.
1204 silly tarball no local data for escape-string-regexp@https://registry.npmjs.org/escape-string-regexp/-/escape-string-regexp-4.0.0.tgz. Extracting by manifest.
1205 silly tarball no local data for escape-html@https://registry.npmjs.org/escape-html/-/escape-html-1.0.3.tgz. Extracting by manifest.
1206 silly tarball no local data for eslint@https://registry.npmjs.org/eslint/-/eslint-9.39.4.tgz. Extracting by manifest.
1207 silly tarball no local data for escalade@https://registry.npmjs.org/escalade/-/escalade-3.2.0.tgz. Extracting by manifest.
1208 silly tarball no local data for eslint-config-next@https://registry.npmjs.org/eslint-config-next/-/eslint-config-next-16.2.6.tgz. Extracting by manifest.
1209 silly tarball no local data for esbuild@https://registry.npmjs.org/esbuild/-/esbuild-0.28.0.tgz. Extracting by manifest.
1210 silly tarball no local data for es-to-primitive@https://registry.npmjs.org/es-to-primitive/-/es-to-primitive-1.3.0.tgz. Extracting by manifest.
1211 silly tarball no local data for es-shim-unscopables@https://registry.npmjs.org/es-shim-unscopables/-/es-shim-unscopables-1.1.0.tgz. Extracting by manifest.
1212 silly tarball no local data for es-set-tostringtag@https://registry.npmjs.org/es-set-tostringtag/-/es-set-tostringtag-2.1.0.tgz. Extracting by manifest.
1213 silly tarball no local data for es-object-atoms@https://registry.npmjs.org/es-object-atoms/-/es-object-atoms-1.1.1.tgz. Extracting by manifest.
1214 silly tarball no local data for es-define-property@https://registry.npmjs.org/es-define-property/-/es-define-property-1.0.1.tgz. Extracting by manifest.
1215 silly tarball no local data for es-iterator-helpers@https://registry.npmjs.org/es-iterator-helpers/-/es-iterator-helpers-1.3.2.tgz. Extracting by manifest.
1216 silly tarball no local data for es-abstract@https://registry.npmjs.org/es-abstract/-/es-abstract-1.24.2.tgz. Extracting by manifest.
1217 silly tarball no local data for enhanced-resolve@https://registry.npmjs.org/enhanced-resolve/-/enhanced-resolve-5.21.3.tgz. Extracting by manifest.
1218 silly tarball no local data for error-stack-parser-es@https://registry.npmjs.org/error-stack-parser-es/-/error-stack-parser-es-1.0.5.tgz. Extracting by manifest.
1219 silly tarball no local data for es-errors@https://registry.npmjs.org/es-errors/-/es-errors-1.3.0.tgz. Extracting by manifest.
1220 silly tarball no local data for emoji-regex-xs@https://registry.npmjs.org/emoji-regex-xs/-/emoji-regex-xs-2.0.1.tgz. Extracting by manifest.
1221 silly tarball no local data for emoji-regex@https://registry.npmjs.org/emoji-regex/-/emoji-regex-9.2.2.tgz. Extracting by manifest.
1222 silly tarball no local data for drizzle-orm@https://registry.npmjs.org/drizzle-orm/-/drizzle-orm-0.45.2.tgz. Extracting by manifest.
1223 silly tarball no local data for dunder-proto@https://registry.npmjs.org/dunder-proto/-/dunder-proto-1.0.1.tgz. Extracting by manifest.
1224 silly tarball no local data for drizzle-kit@https://registry.npmjs.org/drizzle-kit/-/drizzle-kit-0.31.10.tgz. Extracting by manifest.
1225 silly tarball no local data for es-module-lexer@https://registry.npmjs.org/es-module-lexer/-/es-module-lexer-2.1.0.tgz. Extracting by manifest.
1226 silly tarball no local data for electron-to-chromium@https://registry.npmjs.org/electron-to-chromium/-/electron-to-chromium-1.5.358.tgz. Extracting by manifest.
1227 silly tarball no local data for define-properties@https://registry.npmjs.org/define-properties/-/define-properties-1.2.1.tgz. Extracting by manifest.
1228 silly tarball no local data for doctrine@https://registry.npmjs.org/doctrine/-/doctrine-2.1.0.tgz. Extracting by manifest.
1229 silly tarball no local data for debug@https://registry.npmjs.org/debug/-/debug-4.4.3.tgz. Extracting by manifest.
1230 silly tarball no local data for detect-libc@https://registry.npmjs.org/detect-libc/-/detect-libc-2.1.2.tgz. Extracting by manifest.
1231 silly tarball no local data for deep-is@https://registry.npmjs.org/deep-is/-/deep-is-0.1.4.tgz. Extracting by manifest.
1232 silly tarball no local data for data-view-byte-offset@https://registry.npmjs.org/data-view-byte-offset/-/data-view-byte-offset-1.0.1.tgz. Extracting by manifest.
1233 silly tarball no local data for define-data-property@https://registry.npmjs.org/define-data-property/-/define-data-property-1.1.4.tgz. Extracting by manifest.
1234 silly tarball no local data for damerau-levenshtein@https://registry.npmjs.org/damerau-levenshtein/-/damerau-levenshtein-1.0.8.tgz. Extracting by manifest.
1235 silly tarball no local data for data-view-byte-length@https://registry.npmjs.org/data-view-byte-length/-/data-view-byte-length-1.0.2.tgz. Extracting by manifest.
1236 silly tarball no local data for css-gradient-parser@https://registry.npmjs.org/css-gradient-parser/-/css-gradient-parser-0.0.16.tgz. Extracting by manifest.
1237 silly tarball no local data for data-view-buffer@https://registry.npmjs.org/data-view-buffer/-/data-view-buffer-1.0.2.tgz. Extracting by manifest.
1238 silly tarball no local data for css-to-react-native@https://registry.npmjs.org/css-to-react-native/-/css-to-react-native-3.2.0.tgz. Extracting by manifest.
1239 silly tarball no local data for css-color-keywords@https://registry.npmjs.org/css-color-keywords/-/css-color-keywords-1.0.0.tgz. Extracting by manifest.
1240 silly tarball no local data for css-box-shadow@https://registry.npmjs.org/css-box-shadow/-/css-box-shadow-1.0.0-3.tgz. Extracting by manifest.
1241 silly tarball no local data for csstype@https://registry.npmjs.org/csstype/-/csstype-3.2.3.tgz. Extracting by manifest.
1242 silly tarball no local data for cross-spawn@https://registry.npmjs.org/cross-spawn/-/cross-spawn-7.0.6.tgz. Extracting by manifest.
1243 silly tarball no local data for convert-source-map@https://registry.npmjs.org/convert-source-map/-/convert-source-map-2.0.0.tgz. Extracting by manifest.
1244 silly tarball no local data for css-background-parser@https://registry.npmjs.org/css-background-parser/-/css-background-parser-0.1.0.tgz. Extracting by manifest.
1245 silly tarball no local data for cookie@https://registry.npmjs.org/cookie/-/cookie-1.1.1.tgz. Extracting by manifest.
1246 silly tarball no local data for concat-map@https://registry.npmjs.org/concat-map/-/concat-map-0.0.1.tgz. Extracting by manifest.
1247 silly tarball no local data for commander@https://registry.npmjs.org/commander/-/commander-2.20.3.tgz. Extracting by manifest.
1248 silly tarball no local data for client-only@https://registry.npmjs.org/client-only/-/client-only-0.0.1.tgz. Extracting by manifest.
1249 silly tarball no local data for color-convert@https://registry.npmjs.org/color-convert/-/color-convert-2.0.1.tgz. Extracting by manifest.
1250 silly tarball no local data for chrome-trace-event@https://registry.npmjs.org/chrome-trace-event/-/chrome-trace-event-1.0.4.tgz. Extracting by manifest.
1251 silly tarball no local data for chalk@https://registry.npmjs.org/chalk/-/chalk-4.1.2.tgz. Extracting by manifest.
1252 silly tarball no local data for color-name@https://registry.npmjs.org/color-name/-/color-name-1.1.4.tgz. Extracting by manifest.
1253 silly tarball no local data for callsites@https://registry.npmjs.org/callsites/-/callsites-3.1.0.tgz. Extracting by manifest.
1254 silly tarball no local data for camelize@https://registry.npmjs.org/camelize/-/camelize-1.0.1.tgz. Extracting by manifest.
1255 silly tarball no local data for caniuse-lite@https://registry.npmjs.org/caniuse-lite/-/caniuse-lite-1.0.30001793.tgz. Extracting by manifest.
1256 silly tarball no local data for call-bind-apply-helpers@https://registry.npmjs.org/call-bind-apply-helpers/-/call-bind-apply-helpers-1.0.2.tgz. Extracting by manifest.
1257 silly tarball no local data for call-bind@https://registry.npmjs.org/call-bind/-/call-bind-1.0.9.tgz. Extracting by manifest.
1258 silly tarball no local data for call-bound@https://registry.npmjs.org/call-bound/-/call-bound-1.0.4.tgz. Extracting by manifest.
1259 silly tarball no local data for browserslist@https://registry.npmjs.org/browserslist/-/browserslist-4.28.2.tgz. Extracting by manifest.
1260 silly tarball no local data for buffer-from@https://registry.npmjs.org/buffer-from/-/buffer-from-1.1.2.tgz. Extracting by manifest.
1261 silly tarball no local data for braces@https://registry.npmjs.org/braces/-/braces-3.0.3.tgz. Extracting by manifest.
1262 silly tarball no local data for blake3-wasm@https://registry.npmjs.org/blake3-wasm/-/blake3-wasm-2.1.5.tgz. Extracting by manifest.
1263 silly tarball no local data for base64-js@https://registry.npmjs.org/base64-js/-/base64-js-0.0.8.tgz. Extracting by manifest.
1264 silly tarball no local data for brace-expansion@https://registry.npmjs.org/brace-expansion/-/brace-expansion-1.1.14.tgz. Extracting by manifest.
1265 silly tarball no local data for baseline-browser-mapping@https://registry.npmjs.org/baseline-browser-mapping/-/baseline-browser-mapping-2.10.30.tgz. Extracting by manifest.
1266 silly tarball no local data for balanced-match@https://registry.npmjs.org/balanced-match/-/balanced-match-1.0.2.tgz. Extracting by manifest.
1267 silly tarball no local data for axobject-query@https://registry.npmjs.org/axobject-query/-/axobject-query-4.1.0.tgz. Extracting by manifest.
1268 silly tarball no local data for axe-core@https://registry.npmjs.org/axe-core/-/axe-core-4.11.4.tgz. Extracting by manifest.
1269 silly tarball no local data for available-typed-arrays@https://registry.npmjs.org/available-typed-arrays/-/available-typed-arrays-1.0.7.tgz. Extracting by manifest.
1270 silly tarball no local data for ast-types-flow@https://registry.npmjs.org/ast-types-flow/-/ast-types-flow-0.0.8.tgz. Extracting by manifest.
1271 silly tarball no local data for async-function@https://registry.npmjs.org/async-function/-/async-function-1.0.0.tgz. Extracting by manifest.
1272 silly tarball no local data for array.prototype.flatmap@https://registry.npmjs.org/array.prototype.flatmap/-/array.prototype.flatmap-1.3.3.tgz. Extracting by manifest.
1273 silly tarball no local data for arraybuffer.prototype.slice@https://registry.npmjs.org/arraybuffer.prototype.slice/-/arraybuffer.prototype.slice-1.0.4.tgz. Extracting by manifest.
1274 silly tarball no local data for array.prototype.tosorted@https://registry.npmjs.org/array.prototype.tosorted/-/array.prototype.tosorted-1.1.4.tgz. Extracting by manifest.
1275 silly tarball no local data for array.prototype.flat@https://registry.npmjs.org/array.prototype.flat/-/array.prototype.flat-1.3.3.tgz. Extracting by manifest.
1276 silly tarball no local data for array.prototype.findlastindex@https://registry.npmjs.org/array.prototype.findlastindex/-/array.prototype.findlastindex-1.2.6.tgz. Extracting by manifest.
1277 silly tarball no local data for array-includes@https://registry.npmjs.org/array-includes/-/array-includes-3.1.9.tgz. Extracting by manifest.
1278 silly tarball no local data for array-buffer-byte-length@https://registry.npmjs.org/array-buffer-byte-length/-/array-buffer-byte-length-1.0.2.tgz. Extracting by manifest.
1279 silly tarball no local data for argparse@https://registry.npmjs.org/argparse/-/argparse-2.0.1.tgz. Extracting by manifest.
1280 silly tarball no local data for aria-query@https://registry.npmjs.org/aria-query/-/aria-query-5.3.2.tgz. Extracting by manifest.
1281 silly tarball no local data for ansi-styles@https://registry.npmjs.org/ansi-styles/-/ansi-styles-4.3.0.tgz. Extracting by manifest.
1282 silly tarball no local data for array.prototype.findlast@https://registry.npmjs.org/array.prototype.findlast/-/array.prototype.findlast-1.2.5.tgz. Extracting by manifest.
1283 silly tarball no local data for acorn-jsx@https://registry.npmjs.org/acorn-jsx/-/acorn-jsx-5.3.2.tgz. Extracting by manifest.
1284 silly tarball no local data for @xtuc/long@https://registry.npmjs.org/@xtuc/long/-/long-4.2.2.tgz. Extracting by manifest.
1285 silly tarball no local data for acorn-loose@https://registry.npmjs.org/acorn-loose/-/acorn-loose-8.5.2.tgz. Extracting by manifest.
1286 silly tarball no local data for @xtuc/ieee754@https://registry.npmjs.org/@xtuc/ieee754/-/ieee754-1.2.0.tgz. Extracting by manifest.
1287 silly tarball no local data for @webassemblyjs/wasm-parser@https://registry.npmjs.org/@webassemblyjs/wasm-parser/-/wasm-parser-1.14.1.tgz. Extracting by manifest.
1288 silly tarball no local data for acorn-import-phases@https://registry.npmjs.org/acorn-import-phases/-/acorn-import-phases-1.0.4.tgz. Extracting by manifest.
1289 silly tarball no local data for acorn@https://registry.npmjs.org/acorn/-/acorn-8.16.0.tgz. Extracting by manifest.
1290 silly tarball no local data for ajv@https://registry.npmjs.org/ajv/-/ajv-6.15.0.tgz. Extracting by manifest.
1291 silly tarball no local data for ajv-formats@https://registry.npmjs.org/ajv-formats/-/ajv-formats-2.1.1.tgz. Extracting by manifest.
1292 silly tarball no local data for @webassemblyjs/wasm-opt@https://registry.npmjs.org/@webassemblyjs/wasm-opt/-/wasm-opt-1.14.1.tgz. Extracting by manifest.
1293 silly tarball no local data for @webassemblyjs/wast-printer@https://registry.npmjs.org/@webassemblyjs/wast-printer/-/wast-printer-1.14.1.tgz. Extracting by manifest.
1294 silly tarball no local data for @webassemblyjs/wasm-gen@https://registry.npmjs.org/@webassemblyjs/wasm-gen/-/wasm-gen-1.14.1.tgz. Extracting by manifest.
1295 silly tarball no local data for @webassemblyjs/wasm-edit@https://registry.npmjs.org/@webassemblyjs/wasm-edit/-/wasm-edit-1.14.1.tgz. Extracting by manifest.
1296 silly tarball no local data for @webassemblyjs/leb128@https://registry.npmjs.org/@webassemblyjs/leb128/-/leb128-1.13.2.tgz. Extracting by manifest.
1297 silly tarball no local data for @webassemblyjs/utf8@https://registry.npmjs.org/@webassemblyjs/utf8/-/utf8-1.13.2.tgz. Extracting by manifest.
1298 silly tarball no local data for @webassemblyjs/helper-wasm-section@https://registry.npmjs.org/@webassemblyjs/helper-wasm-section/-/helper-wasm-section-1.14.1.tgz. Extracting by manifest.
1299 silly tarball no local data for @webassemblyjs/ieee754@https://registry.npmjs.org/@webassemblyjs/ieee754/-/ieee754-1.13.2.tgz. Extracting by manifest.
1300 silly tarball no local data for @webassemblyjs/floating-point-hex-parser@https://registry.npmjs.org/@webassemblyjs/floating-point-hex-parser/-/floating-point-hex-parser-1.13.2.tgz. Extracting by manifest.
1301 silly tarball no local data for @webassemblyjs/helper-wasm-bytecode@https://registry.npmjs.org/@webassemblyjs/helper-wasm-bytecode/-/helper-wasm-bytecode-1.13.2.tgz. Extracting by manifest.
1302 silly tarball no local data for @webassemblyjs/helper-api-error@https://registry.npmjs.org/@webassemblyjs/helper-api-error/-/helper-api-error-1.13.2.tgz. Extracting by manifest.
1303 silly tarball no local data for @webassemblyjs/ast@https://registry.npmjs.org/@webassemblyjs/ast/-/ast-1.14.1.tgz. Extracting by manifest.
1304 silly tarball no local data for @webassemblyjs/helper-numbers@https://registry.npmjs.org/@webassemblyjs/helper-numbers/-/helper-numbers-1.13.2.tgz. Extracting by manifest.
1305 silly tarball no local data for @vercel/og@https://registry.npmjs.org/@vercel/og/-/og-0.8.6.tgz. Extracting by manifest.
1306 silly tarball no local data for @webassemblyjs/helper-buffer@https://registry.npmjs.org/@webassemblyjs/helper-buffer/-/helper-buffer-1.14.1.tgz. Extracting by manifest.
1307 silly tarball no local data for @unrs/resolver-binding-win32-x64-msvc@https://registry.npmjs.org/@unrs/resolver-binding-win32-x64-msvc/-/resolver-binding-win32-x64-msvc-1.11.1.tgz. Extracting by manifest.
1308 silly tarball no local data for @typescript-eslint/utils@https://registry.npmjs.org/@typescript-eslint/utils/-/utils-8.59.3.tgz. Extracting by manifest.
1309 silly tarball no local data for @vitejs/plugin-react@https://registry.npmjs.org/@vitejs/plugin-react/-/plugin-react-6.0.2.tgz. Extracting by manifest.
1310 silly tarball no local data for @unpic/react@https://registry.npmjs.org/@unpic/react/-/react-1.0.2.tgz. Extracting by manifest.
1311 silly tarball no local data for @typescript-eslint/typescript-estree@https://registry.npmjs.org/@typescript-eslint/typescript-estree/-/typescript-estree-8.59.3.tgz. Extracting by manifest.
1312 silly tarball no local data for @vitejs/plugin-rsc@https://registry.npmjs.org/@vitejs/plugin-rsc/-/plugin-rsc-0.5.26.tgz. Extracting by manifest.
1313 silly tarball no local data for @unpic/core@https://registry.npmjs.org/@unpic/core/-/core-1.0.3.tgz. Extracting by manifest.
1314 silly tarball no local data for @typescript-eslint/visitor-keys@https://registry.npmjs.org/@typescript-eslint/visitor-keys/-/visitor-keys-8.59.3.tgz. Extracting by manifest.
1315 silly tarball no local data for @typescript-eslint/types@https://registry.npmjs.org/@typescript-eslint/types/-/types-8.59.3.tgz. Extracting by manifest.
1316 silly tarball no local data for @typescript-eslint/type-utils@https://registry.npmjs.org/@typescript-eslint/type-utils/-/type-utils-8.59.3.tgz. Extracting by manifest.
1317 silly tarball no local data for @typescript-eslint/project-service@https://registry.npmjs.org/@typescript-eslint/project-service/-/project-service-8.59.3.tgz. Extracting by manifest.
1318 silly tarball no local data for @typescript-eslint/tsconfig-utils@https://registry.npmjs.org/@typescript-eslint/tsconfig-utils/-/tsconfig-utils-8.59.3.tgz. Extracting by manifest.
1319 silly tarball no local data for @types/react-dom@https://registry.npmjs.org/@types/react-dom/-/react-dom-19.2.3.tgz. Extracting by manifest.
1320 silly tarball no local data for @typescript-eslint/scope-manager@https://registry.npmjs.org/@typescript-eslint/scope-manager/-/scope-manager-8.59.3.tgz. Extracting by manifest.
1321 silly tarball no local data for @typescript-eslint/eslint-plugin@https://registry.npmjs.org/@typescript-eslint/eslint-plugin/-/eslint-plugin-8.59.3.tgz. Extracting by manifest.
1322 silly tarball no local data for @typescript-eslint/parser@https://registry.npmjs.org/@typescript-eslint/parser/-/parser-8.59.3.tgz. Extracting by manifest.
1323 silly tarball no local data for @types/react@https://registry.npmjs.org/@types/react/-/react-19.2.14.tgz. Extracting by manifest.
1324 silly tarball no local data for @types/json5@https://registry.npmjs.org/@types/json5/-/json5-0.0.29.tgz. Extracting by manifest.
1325 silly tarball no local data for @types/json-schema@https://registry.npmjs.org/@types/json-schema/-/json-schema-7.0.15.tgz. Extracting by manifest.
1326 silly tarball no local data for @tailwindcss/postcss@https://registry.npmjs.org/@tailwindcss/postcss/-/postcss-4.2.1.tgz. Extracting by manifest.
1327 silly tarball no local data for @types/node@https://registry.npmjs.org/@types/node/-/node-22.19.19.tgz. Extracting by manifest.
1328 silly tarball no local data for @tailwindcss/oxide-win32-x64-msvc@https://registry.npmjs.org/@tailwindcss/oxide-win32-x64-msvc/-/oxide-win32-x64-msvc-4.2.1.tgz. Extracting by manifest.
1329 silly tarball no local data for @tailwindcss/oxide@https://registry.npmjs.org/@tailwindcss/oxide/-/oxide-4.2.1.tgz. Extracting by manifest.
1330 silly tarball no local data for @tailwindcss/node@https://registry.npmjs.org/@tailwindcss/node/-/node-4.2.1.tgz. Extracting by manifest.
1331 silly tarball no local data for @types/eslint-scope@https://registry.npmjs.org/@types/eslint-scope/-/eslint-scope-3.7.7.tgz. Extracting by manifest.
1332 silly tarball no local data for @types/estree@https://registry.npmjs.org/@types/estree/-/estree-1.0.9.tgz. Extracting by manifest.
1333 silly tarball no local data for @types/eslint@https://registry.npmjs.org/@types/eslint/-/eslint-9.6.1.tgz. Extracting by manifest.
1334 silly tarball no local data for @swc/helpers@https://registry.npmjs.org/@swc/helpers/-/helpers-0.5.15.tgz. Extracting by manifest.
1335 silly tarball no local data for @sindresorhus/is@https://registry.npmjs.org/@sindresorhus/is/-/is-7.2.0.tgz. Extracting by manifest.
1336 silly tarball no local data for @svg-maps/world@https://registry.npmjs.org/@svg-maps/world/-/world-1.0.1.tgz. Extracting by manifest.
1337 silly tarball no local data for @rolldown/pluginutils@https://registry.npmjs.org/@rolldown/pluginutils/-/pluginutils-1.0.1.tgz. Extracting by manifest.
1338 silly tarball no local data for @shuding/opentype.js@https://registry.npmjs.org/@shuding/opentype.js/-/opentype.js-1.4.0-beta.0.tgz. Extracting by manifest.
1339 silly tarball no local data for @speed-highlight/core@https://registry.npmjs.org/@speed-highlight/core/-/core-1.2.15.tgz. Extracting by manifest.
1340 silly tarball no local data for @rtsao/scc@https://registry.npmjs.org/@rtsao/scc/-/scc-1.1.0.tgz. Extracting by manifest.
1341 silly tarball no local data for @resvg/resvg-wasm@https://registry.npmjs.org/@resvg/resvg-wasm/-/resvg-wasm-2.4.0.tgz. Extracting by manifest.
1342 silly tarball no local data for @nolyfill/is-core-module@https://registry.npmjs.org/@nolyfill/is-core-module/-/is-core-module-1.0.39.tgz. Extracting by manifest.
1343 silly tarball no local data for @oxc-project/types@https://registry.npmjs.org/@oxc-project/types/-/types-0.130.0.tgz. Extracting by manifest.
1344 silly tarball no local data for @rolldown/binding-win32-x64-msvc@https://registry.npmjs.org/@rolldown/binding-win32-x64-msvc/-/binding-win32-x64-msvc-1.0.1.tgz. Extracting by manifest.
1345 silly tarball no local data for @poppinss/dumper@https://registry.npmjs.org/@poppinss/dumper/-/dumper-0.6.5.tgz. Extracting by manifest.
1346 silly tarball no local data for @poppinss/exception@https://registry.npmjs.org/@poppinss/exception/-/exception-1.2.3.tgz. Extracting by manifest.
1347 silly tarball no local data for @poppinss/colors@https://registry.npmjs.org/@poppinss/colors/-/colors-4.1.6.tgz. Extracting by manifest.
1348 silly tarball no local data for @next/swc-win32-x64-msvc@https://registry.npmjs.org/@next/swc-win32-x64-msvc/-/swc-win32-x64-msvc-16.2.6.tgz. Extracting by manifest.
1349 silly tarball no local data for @next/eslint-plugin-next@https://registry.npmjs.org/@next/eslint-plugin-next/-/eslint-plugin-next-16.2.6.tgz. Extracting by manifest.
1350 silly tarball no local data for @nodelib/fs.scandir@https://registry.npmjs.org/@nodelib/fs.scandir/-/fs.scandir-2.1.5.tgz. Extracting by manifest.
1351 silly tarball no local data for @next/env@https://registry.npmjs.org/@next/env/-/env-16.2.6.tgz. Extracting by manifest.
1352 silly tarball no local data for @nodelib/fs.walk@https://registry.npmjs.org/@nodelib/fs.walk/-/fs.walk-1.2.8.tgz. Extracting by manifest.
1353 silly tarball no local data for @nodelib/fs.stat@https://registry.npmjs.org/@nodelib/fs.stat/-/fs.stat-2.0.5.tgz. Extracting by manifest.
1354 silly tarball no local data for @jridgewell/trace-mapping@https://registry.npmjs.org/@jridgewell/trace-mapping/-/trace-mapping-0.3.31.tgz. Extracting by manifest.
1355 silly tarball no local data for @jridgewell/sourcemap-codec@https://registry.npmjs.org/@jridgewell/sourcemap-codec/-/sourcemap-codec-1.5.5.tgz. Extracting by manifest.
1356 silly tarball no local data for @jridgewell/resolve-uri@https://registry.npmjs.org/@jridgewell/resolve-uri/-/resolve-uri-3.1.2.tgz. Extracting by manifest.
1357 silly tarball no local data for @jridgewell/remapping@https://registry.npmjs.org/@jridgewell/remapping/-/remapping-2.3.5.tgz. Extracting by manifest.
1358 silly tarball no local data for @jridgewell/gen-mapping@https://registry.npmjs.org/@jridgewell/gen-mapping/-/gen-mapping-0.3.13.tgz. Extracting by manifest.
1359 silly tarball no local data for @jridgewell/source-map@https://registry.npmjs.org/@jridgewell/source-map/-/source-map-0.3.11.tgz. Extracting by manifest.
1360 silly tarball no local data for @img/sharp-win32-x64@https://registry.npmjs.org/@img/sharp-win32-x64/-/sharp-win32-x64-0.34.5.tgz. Extracting by manifest.
1361 silly tarball no local data for @img/colour@https://registry.npmjs.org/@img/colour/-/colour-1.1.0.tgz. Extracting by manifest.
1362 silly tarball no local data for @humanfs/types@https://registry.npmjs.org/@humanfs/types/-/types-0.15.0.tgz. Extracting by manifest.
1363 silly tarball no local data for @humanfs/core@https://registry.npmjs.org/@humanfs/core/-/core-0.19.2.tgz. Extracting by manifest.
1364 silly tarball no local data for @humanwhocodes/module-importer@https://registry.npmjs.org/@humanwhocodes/module-importer/-/module-importer-1.0.1.tgz. Extracting by manifest.
1365 silly tarball no local data for @humanfs/node@https://registry.npmjs.org/@humanfs/node/-/node-0.16.8.tgz. Extracting by manifest.
1366 silly tarball no local data for @humanwhocodes/retry@https://registry.npmjs.org/@humanwhocodes/retry/-/retry-0.4.3.tgz. Extracting by manifest.
1367 silly tarball no local data for @eslint/plugin-kit@https://registry.npmjs.org/@eslint/plugin-kit/-/plugin-kit-0.4.1.tgz. Extracting by manifest.
1368 silly tarball no local data for @eslint/object-schema@https://registry.npmjs.org/@eslint/object-schema/-/object-schema-2.1.7.tgz. Extracting by manifest.
1369 silly tarball no local data for @eslint-community/regexpp@https://registry.npmjs.org/@eslint-community/regexpp/-/regexpp-4.12.2.tgz. Extracting by manifest.
1370 silly tarball no local data for @eslint/core@https://registry.npmjs.org/@eslint/core/-/core-0.17.0.tgz. Extracting by manifest.
1371 silly tarball no local data for @eslint/js@https://registry.npmjs.org/@eslint/js/-/js-9.39.4.tgz. Extracting by manifest.
1372 silly tarball no local data for @eslint/config-array@https://registry.npmjs.org/@eslint/config-array/-/config-array-0.21.2.tgz. Extracting by manifest.
1373 silly tarball no local data for @eslint/config-helpers@https://registry.npmjs.org/@eslint/config-helpers/-/config-helpers-0.4.2.tgz. Extracting by manifest.
1374 silly tarball no local data for @eslint/eslintrc@https://registry.npmjs.org/@eslint/eslintrc/-/eslintrc-3.3.5.tgz. Extracting by manifest.
1375 silly tarball no local data for @eslint-community/eslint-utils@https://registry.npmjs.org/@eslint-community/eslint-utils/-/eslint-utils-4.9.1.tgz. Extracting by manifest.
1376 silly tarball no local data for @cspotcode/source-map-support@https://registry.npmjs.org/@cspotcode/source-map-support/-/source-map-support-0.8.1.tgz. Extracting by manifest.
1377 silly tarball no local data for @drizzle-team/brocli@https://registry.npmjs.org/@drizzle-team/brocli/-/brocli-0.10.2.tgz. Extracting by manifest.
1378 silly tarball no local data for @esbuild-kit/core-utils@https://registry.npmjs.org/@esbuild-kit/core-utils/-/core-utils-3.3.2.tgz. Extracting by manifest.
1379 silly tarball no local data for @esbuild-kit/esm-loader@https://registry.npmjs.org/@esbuild-kit/esm-loader/-/esm-loader-2.6.5.tgz. Extracting by manifest.
1380 silly tarball no local data for @cloudflare/workerd-windows-64@https://registry.npmjs.org/@cloudflare/workerd-windows-64/-/workerd-windows-64-1.20260515.1.tgz. Extracting by manifest.
1381 silly tarball no local data for @cloudflare/unenv-preset@https://registry.npmjs.org/@cloudflare/unenv-preset/-/unenv-preset-2.16.1.tgz. Extracting by manifest.
1382 silly tarball no local data for @cloudflare/kv-asset-handler@https://registry.npmjs.org/@cloudflare/kv-asset-handler/-/kv-asset-handler-0.5.0.tgz. Extracting by manifest.
1383 silly tarball no local data for @babel/traverse@https://registry.npmjs.org/@babel/traverse/-/traverse-7.29.0.tgz. Extracting by manifest.
1384 silly tarball no local data for @babel/types@https://registry.npmjs.org/@babel/types/-/types-7.29.0.tgz. Extracting by manifest.
1385 silly tarball no local data for @babel/template@https://registry.npmjs.org/@babel/template/-/template-7.28.6.tgz. Extracting by manifest.
1386 silly tarball no local data for @cloudflare/vite-plugin@https://registry.npmjs.org/@cloudflare/vite-plugin/-/vite-plugin-1.37.1.tgz. Extracting by manifest.
1387 silly tarball no local data for @esbuild/win32-x64@https://registry.npmjs.org/@esbuild/win32-x64/-/win32-x64-0.28.0.tgz. Extracting by manifest.
1388 silly tarball no local data for @babel/helpers@https://registry.npmjs.org/@babel/helpers/-/helpers-7.29.2.tgz. Extracting by manifest.
1389 silly tarball no local data for @babel/parser@https://registry.npmjs.org/@babel/parser/-/parser-7.29.3.tgz. Extracting by manifest.
1390 silly tarball no local data for @babel/helper-validator-identifier@https://registry.npmjs.org/@babel/helper-validator-identifier/-/helper-validator-identifier-7.28.5.tgz. Extracting by manifest.
1391 silly tarball no local data for @babel/helper-module-transforms@https://registry.npmjs.org/@babel/helper-module-transforms/-/helper-module-transforms-7.28.6.tgz. Extracting by manifest.
1392 silly tarball no local data for @babel/helper-module-imports@https://registry.npmjs.org/@babel/helper-module-imports/-/helper-module-imports-7.28.6.tgz. Extracting by manifest.
1393 silly tarball no local data for @babel/helper-string-parser@https://registry.npmjs.org/@babel/helper-string-parser/-/helper-string-parser-7.27.1.tgz. Extracting by manifest.
1394 silly tarball no local data for @babel/helper-compilation-targets@https://registry.npmjs.org/@babel/helper-compilation-targets/-/helper-compilation-targets-7.28.6.tgz. Extracting by manifest.
1395 silly tarball no local data for @babel/helper-globals@https://registry.npmjs.org/@babel/helper-globals/-/helper-globals-7.28.0.tgz. Extracting by manifest.
1396 silly tarball no local data for @babel/helper-validator-option@https://registry.npmjs.org/@babel/helper-validator-option/-/helper-validator-option-7.27.1.tgz. Extracting by manifest.
1397 silly tarball no local data for @babel/generator@https://registry.npmjs.org/@babel/generator/-/generator-7.29.1.tgz. Extracting by manifest.
1398 silly tarball no local data for @alloc/quick-lru@https://registry.npmjs.org/@alloc/quick-lru/-/quick-lru-5.2.0.tgz. Extracting by manifest.
1399 silly tarball no local data for @babel/core@https://registry.npmjs.org/@babel/core/-/core-7.29.0.tgz. Extracting by manifest.
1400 silly tarball no local data for ansi-regex@https://registry.npmjs.org/ansi-regex/-/ansi-regex-5.0.1.tgz. Extracting by manifest.
1401 silly tarball no local data for @babel/compat-data@https://registry.npmjs.org/@babel/compat-data/-/compat-data-7.29.3.tgz. Extracting by manifest.
1402 silly tarball no local data for ansi-regex@https://registry.npmjs.org/ansi-regex/-/ansi-regex-5.0.1.tgz. Extracting by manifest.
1403 silly tarball no local data for ansi-regex@https://registry.npmjs.org/ansi-regex/-/ansi-regex-5.0.1.tgz. Extracting by manifest.
1404 silly tarball no local data for ansi-styles@https://registry.npmjs.org/ansi-styles/-/ansi-styles-6.2.3.tgz. Extracting by manifest.
1405 silly tarball no local data for strip-ansi@https://registry.npmjs.org/strip-ansi/-/strip-ansi-6.0.1.tgz. Extracting by manifest.
1406 silly tarball no local data for emoji-regex@https://registry.npmjs.org/emoji-regex/-/emoji-regex-8.0.0.tgz. Extracting by manifest.
1407 silly tarball no local data for @babel/code-frame@https://registry.npmjs.org/@babel/code-frame/-/code-frame-7.29.0.tgz. Extracting by manifest.
1408 silly tarball no local data for strip-ansi@https://registry.npmjs.org/strip-ansi/-/strip-ansi-6.0.1.tgz. Extracting by manifest.
1409 silly tarball no local data for lru-cache@https://registry.npmjs.org/lru-cache/-/lru-cache-10.4.3.tgz. Extracting by manifest.
1410 silly tarball no local data for emoji-regex@https://registry.npmjs.org/emoji-regex/-/emoji-regex-8.0.0.tgz. Extracting by manifest.
1411 silly tarball no local data for brace-expansion@https://registry.npmjs.org/brace-expansion/-/brace-expansion-2.1.4.tgz. Extracting by manifest.
1412 silly tarball no local data for semver@https://registry.npmjs.org/semver/-/semver-7.8.5.tgz. Extracting by manifest.
1413 silly tarball no local data for brace-expansion@https://registry.npmjs.org/brace-expansion/-/brace-expansion-2.1.4.tgz. Extracting by manifest.
1414 silly tarball no local data for commander@https://registry.npmjs.org/commander/-/commander-10.0.1.tgz. Extracting by manifest.
1415 silly tarball no local data for string-width@https://registry.npmjs.org/string-width/-/string-width-4.2.3.tgz. Extracting by manifest.
1416 silly tarball no local data for @react-email/render@https://registry.npmjs.org/@react-email/render/-/render-0.0.16.tgz. Extracting by manifest.
1417 silly tarball no local data for minimatch@https://registry.npmjs.org/minimatch/-/minimatch-9.0.9.tgz. Extracting by manifest.
1418 silly tarball no local data for scheduler@https://registry.npmjs.org/scheduler/-/scheduler-0.23.2.tgz. Extracting by manifest.
1419 silly tarball no local data for react@https://registry.npmjs.org/react/-/react-18.3.1.tgz. Extracting by manifest.
1420 silly tarball no local data for fast-deep-equal@https://registry.npmjs.org/fast-deep-equal/-/fast-deep-equal-2.0.1.tgz. Extracting by manifest.
1421 silly tarball no local data for @esbuild/win32-x64@https://registry.npmjs.org/@esbuild/win32-x64/-/win32-x64-0.27.3.tgz. Extracting by manifest.
1422 silly tarball no local data for minimatch@https://registry.npmjs.org/minimatch/-/minimatch-9.0.9.tgz. Extracting by manifest.
1423 silly tarball no local data for estraverse@https://registry.npmjs.org/estraverse/-/estraverse-4.3.0.tgz. Extracting by manifest.
1424 silly tarball no local data for react-dom@https://registry.npmjs.org/react-dom/-/react-dom-18.3.1.tgz. Extracting by manifest.
1425 silly tarball no local data for eslint-scope@https://registry.npmjs.org/eslint-scope/-/eslint-scope-5.1.1.tgz. Extracting by manifest.
1426 silly tarball no local data for glob-parent@https://registry.npmjs.org/glob-parent/-/glob-parent-5.1.2.tgz. Extracting by manifest.
1427 silly tarball no local data for fast-glob@https://registry.npmjs.org/fast-glob/-/fast-glob-3.3.3.tgz. Extracting by manifest.
1428 silly tarball no local data for esbuild@https://registry.npmjs.org/esbuild/-/esbuild-0.27.3.tgz. Extracting by manifest.
1429 silly tarball no local data for lightningcss@https://registry.npmjs.org/lightningcss/-/lightningcss-1.32.0.tgz. Extracting by manifest.
1430 silly tarball no local data for picomatch@https://registry.npmjs.org/picomatch/-/picomatch-4.0.4.tgz. Extracting by manifest.
1431 silly tarball no local data for picomatch@https://registry.npmjs.org/picomatch/-/picomatch-4.0.4.tgz. Extracting by manifest.
1432 silly tarball no local data for json5@https://registry.npmjs.org/json5/-/json5-1.0.2.tgz. Extracting by manifest.
1433 silly tarball no local data for es-module-lexer@https://registry.npmjs.org/es-module-lexer/-/es-module-lexer-1.7.0.tgz. Extracting by manifest.
1434 silly tarball no local data for lightningcss-win32-x64-msvc@https://registry.npmjs.org/lightningcss-win32-x64-msvc/-/lightningcss-win32-x64-msvc-1.32.0.tgz. Extracting by manifest.
1435 silly tarball no local data for supports-color@https://registry.npmjs.org/supports-color/-/supports-color-8.1.1.tgz. Extracting by manifest.
1436 silly tarball no local data for fdir@https://registry.npmjs.org/fdir/-/fdir-6.5.0.tgz. Extracting by manifest.
1437 silly tarball no local data for semver@https://registry.npmjs.org/semver/-/semver-7.8.0.tgz. Extracting by manifest.
1438 silly tarball no local data for json-schema-traverse@https://registry.npmjs.org/json-schema-traverse/-/json-schema-traverse-1.0.0.tgz. Extracting by manifest.
1439 silly tarball no local data for js-tokens@https://registry.npmjs.org/js-tokens/-/js-tokens-9.0.1.tgz. Extracting by manifest.
1440 silly tarball no local data for ajv-keywords@https://registry.npmjs.org/ajv-keywords/-/ajv-keywords-5.1.0.tgz. Extracting by manifest.
1441 silly tarball no local data for ajv@https://registry.npmjs.org/ajv/-/ajv-8.20.0.tgz. Extracting by manifest.
1442 silly tarball no local data for semver@https://registry.npmjs.org/semver/-/semver-7.8.0.tgz. Extracting by manifest.
1443 silly tarball no local data for debug@https://registry.npmjs.org/debug/-/debug-3.2.7.tgz. Extracting by manifest.
1444 silly tarball no local data for debug@https://registry.npmjs.org/debug/-/debug-3.2.7.tgz. Extracting by manifest.
1445 silly tarball no local data for esbuild@https://registry.npmjs.org/esbuild/-/esbuild-0.25.12.tgz. Extracting by manifest.
1446 silly tarball no local data for postcss@https://registry.npmjs.org/postcss/-/postcss-8.4.31.tgz. Extracting by manifest.
1447 silly tarball no local data for debug@https://registry.npmjs.org/debug/-/debug-3.2.7.tgz. Extracting by manifest.
1448 silly tarball no local data for globals@https://registry.npmjs.org/globals/-/globals-16.4.0.tgz. Extracting by manifest.
1449 silly tarball no local data for glob-parent@https://registry.npmjs.org/glob-parent/-/glob-parent-5.1.2.tgz. Extracting by manifest.
1450 silly tarball no local data for eslint-visitor-keys@https://registry.npmjs.org/eslint-visitor-keys/-/eslint-visitor-keys-5.0.1.tgz. Extracting by manifest.
1451 silly tarball no local data for json-schema-traverse@https://registry.npmjs.org/json-schema-traverse/-/json-schema-traverse-1.0.0.tgz. Extracting by manifest.
1452 silly tarball no local data for @esbuild/win32-x64@https://registry.npmjs.org/@esbuild/win32-x64/-/win32-x64-0.25.12.tgz. Extracting by manifest.
1453 silly tarball no local data for ajv@https://registry.npmjs.org/ajv/-/ajv-8.20.0.tgz. Extracting by manifest.
1454 silly tarball no local data for minimatch@https://registry.npmjs.org/minimatch/-/minimatch-10.2.5.tgz. Extracting by manifest.
1455 silly tarball no local data for semver@https://registry.npmjs.org/semver/-/semver-7.8.0.tgz. Extracting by manifest.
1456 silly tarball no local data for ignore@https://registry.npmjs.org/ignore/-/ignore-7.0.5.tgz. Extracting by manifest.
1457 silly tarball no local data for eslint-visitor-keys@https://registry.npmjs.org/eslint-visitor-keys/-/eslint-visitor-keys-3.4.3.tgz. Extracting by manifest.
1458 silly tarball no local data for brace-expansion@https://registry.npmjs.org/brace-expansion/-/brace-expansion-5.0.6.tgz. Extracting by manifest.
1459 silly tarball no local data for balanced-match@https://registry.npmjs.org/balanced-match/-/balanced-match-4.0.4.tgz. Extracting by manifest.
1460 silly tarball no local data for esbuild@https://registry.npmjs.org/esbuild/-/esbuild-0.18.20.tgz. Extracting by manifest.
1461 silly tarball no local data for @rolldown/pluginutils@https://registry.npmjs.org/@rolldown/pluginutils/-/pluginutils-1.0.0-rc.18.tgz. Extracting by manifest.
1462 silly tarball no local data for @esbuild/win32-x64@https://registry.npmjs.org/@esbuild/win32-x64/-/win32-x64-0.18.20.tgz. Extracting by manifest.
1463 silly tarball no local data for supports-color@https://registry.npmjs.org/supports-color/-/supports-color-10.2.2.tgz. Extracting by manifest.
1464 silly tarball no local data for @jridgewell/trace-mapping@https://registry.npmjs.org/@jridgewell/trace-mapping/-/trace-mapping-0.3.9.tgz. Extracting by manifest.
1465 http fetch GET 200 https://registry.npmjs.org/leac/-/leac-0.6.0.tgz 410ms (cache miss)
1466 http fetch GET 200 https://registry.npmjs.org/eastasianwidth/-/eastasianwidth-0.2.0.tgz 412ms (cache miss)
1467 http fetch GET 200 https://registry.npmjs.org/strip-ansi/-/strip-ansi-7.2.0.tgz 410ms (cache miss)
1468 http fetch GET 200 https://registry.npmjs.org/is-fullwidth-code-point/-/is-fullwidth-code-point-3.0.0.tgz 418ms (cache miss)
1469 http fetch GET 200 https://registry.npmjs.org/ansi-regex/-/ansi-regex-6.3.0.tgz 420ms (cache miss)
1470 http fetch GET 200 https://registry.npmjs.org/abbrev/-/abbrev-2.0.0.tgz 418ms (cache miss)
1471 http fetch GET 200 https://registry.npmjs.org/wrap-ansi/-/wrap-ansi-8.1.0.tgz 419ms (cache miss)
1472 http fetch GET 200 https://registry.npmjs.org/wrap-ansi/-/wrap-ansi-7.0.0.tgz 421ms (cache miss)
1473 http fetch GET 200 https://registry.npmjs.org/strip-ansi/-/strip-ansi-6.0.1.tgz 421ms (cache miss)
1474 http fetch GET 200 https://registry.npmjs.org/string-width/-/string-width-4.2.3.tgz 447ms (cache miss)
1475 http fetch GET 200 https://registry.npmjs.org/nopt/-/nopt-7.2.1.tgz 448ms (cache miss)
1476 http fetch GET 200 https://registry.npmjs.org/proto-list/-/proto-list-1.2.4.tgz 470ms (cache miss)
1477 http fetch GET 200 https://registry.npmjs.org/ini/-/ini-1.3.8.tgz 479ms (cache miss)
1478 http fetch GET 200 https://registry.npmjs.org/string-width/-/string-width-5.1.2.tgz 484ms (cache miss)
1479 http fetch GET 200 https://registry.npmjs.org/parseley/-/parseley-0.12.1.tgz 491ms (cache miss)
1480 http fetch GET 200 https://registry.npmjs.org/domelementtype/-/domelementtype-2.3.0.tgz 484ms (cache miss)
1481 http fetch GET 200 https://registry.npmjs.org/config-chain/-/config-chain-1.1.13.tgz 499ms (cache miss)
1482 http fetch GET 200 https://registry.npmjs.org/@isaacs/cliui/-/cliui-8.0.2.tgz 531ms (cache miss)
1483 http fetch GET 200 https://registry.npmjs.org/yocto-queue/-/yocto-queue-0.1.0.tgz 532ms (cache miss)
1484 http fetch GET 200 https://registry.npmjs.org/yallist/-/yallist-3.1.1.tgz 535ms (cache miss)
1485 http fetch GET 200 https://registry.npmjs.org/which-boxed-primitive/-/which-boxed-primitive-1.1.1.tgz 541ms (cache miss)
1486 http fetch GET 200 https://registry.npmjs.org/editorconfig/-/editorconfig-1.0.7.tgz 551ms (cache miss)
1487 http fetch GET 200 https://registry.npmjs.org/which-collection/-/which-collection-1.0.2.tgz 545ms (cache miss)
1488 http fetch GET 200 https://registry.npmjs.org/word-wrap/-/word-wrap-1.2.5.tgz 547ms (cache miss)
1489 http fetch GET 200 https://registry.npmjs.org/js-cookie/-/js-cookie-3.0.8.tgz 563ms (cache miss)
1490 http fetch GET 200 https://registry.npmjs.org/peberminta/-/peberminta-0.9.0.tgz 588ms (cache miss)
1491 http fetch GET 200 https://registry.npmjs.org/which/-/which-2.0.2.tgz 575ms (cache miss)
1492 http fetch GET 200 https://registry.npmjs.org/deepmerge/-/deepmerge-4.3.1.tgz 587ms (cache miss)
1493 http fetch GET 200 https://registry.npmjs.org/selderee/-/selderee-0.11.0.tgz 599ms (cache miss)
1494 http fetch GET 200 https://registry.npmjs.org/@pkgjs/parseargs/-/parseargs-0.11.0.tgz 612ms (cache miss)
1495 http fetch GET 200 https://registry.npmjs.org/youch-core/-/youch-core-0.3.3.tgz 606ms (cache miss)
1496 http fetch GET 200 https://registry.npmjs.org/which-builtin-type/-/which-builtin-type-1.2.1.tgz 604ms (cache miss)
1497 http fetch GET 200 https://registry.npmjs.org/package-json-from-dist/-/package-json-from-dist-1.0.1.tgz 618ms (cache miss)
1498 http fetch GET 200 https://registry.npmjs.org/html-to-text/-/html-to-text-9.0.5.tgz 621ms (cache miss)
1499 http fetch GET 200 https://registry.npmjs.org/which-typed-array/-/which-typed-array-1.1.20.tgz 618ms (cache miss)
1500 http fetch GET 200 https://registry.npmjs.org/vitefu/-/vitefu-1.1.3.tgz 621ms (cache miss)
1501 http fetch GET 200 https://registry.npmjs.org/update-browserslist-db/-/update-browserslist-db-1.2.3.tgz 626ms (cache miss)
1502 http fetch GET 200 https://registry.npmjs.org/dom-serializer/-/dom-serializer-2.0.0.tgz 652ms (cache miss)
1503 http fetch GET 200 https://registry.npmjs.org/vite-plugin-dynamic-import/-/vite-plugin-dynamic-import-1.6.0.tgz 653ms (cache miss)
1504 http fetch GET 200 https://registry.npmjs.org/domhandler/-/domhandler-5.0.3.tgz 661ms (cache miss)
1505 http fetch GET 200 https://registry.npmjs.org/minipass/-/minipass-7.1.3.tgz 673ms (cache miss)
1506 http fetch GET 200 https://registry.npmjs.org/zod-validation-error/-/zod-validation-error-4.0.2.tgz 669ms (cache miss)
1507 http fetch GET 200 https://registry.npmjs.org/path-scurry/-/path-scurry-1.11.1.tgz 691ms (cache miss)
1508 http fetch GET 200 https://registry.npmjs.org/vite-plugin-commonjs/-/vite-plugin-commonjs-0.10.4.tgz 680ms (cache miss)
1509 http fetch GET 200 https://registry.npmjs.org/watchpack/-/watchpack-2.5.1.tgz 687ms (cache miss)
1510 http fetch GET 200 https://registry.npmjs.org/unicode-trie/-/unicode-trie-2.0.0.tgz 689ms (cache miss)
1511 http fetch GET 200 https://registry.npmjs.org/@one-ini/wasm/-/wasm-0.1.1.tgz 713ms (cache miss)
1512 http fetch GET 200 https://registry.npmjs.org/jackspeak/-/jackspeak-3.4.3.tgz 727ms (cache miss)
1513 http fetch GET 200 https://registry.npmjs.org/ws/-/ws-8.18.0.tgz 717ms (cache miss)
1514 http fetch GET 200 https://registry.npmjs.org/@selderee/plugin-htmlparser2/-/plugin-htmlparser2-0.11.0.tgz 734ms (cache miss)
1515 http fetch GET 200 https://registry.npmjs.org/react-promise-suspense/-/react-promise-suspense-0.3.4.tgz 742ms (cache miss)
1516 http fetch GET 200 https://registry.npmjs.org/signal-exit/-/signal-exit-4.1.0.tgz 758ms (cache miss)
1517 http fetch GET 200 https://registry.npmjs.org/webpack-sources/-/webpack-sources-3.4.1.tgz 756ms (cache miss)
1518 http fetch GET 200 https://registry.npmjs.org/yoga-layout/-/yoga-layout-3.2.1.tgz 762ms (cache miss)
1519 http fetch GET 200 https://registry.npmjs.org/foreground-child/-/foreground-child-3.3.1.tgz 784ms (cache miss)
1520 http fetch GET 200 https://registry.npmjs.org/htmlparser2/-/htmlparser2-8.0.2.tgz 788ms (cache miss)
1521 http fetch GET 200 https://registry.npmjs.org/resend/-/resend-3.5.0.tgz 831ms (cache miss)
1522 http fetch GET 200 https://registry.npmjs.org/typescript-eslint/-/typescript-eslint-8.59.3.tgz 832ms (cache miss)
1523 http fetch GET 200 https://registry.npmjs.org/typed-array-byte-offset/-/typed-array-byte-offset-1.0.4.tgz 846ms (cache miss)
1524 http fetch GET 200 https://registry.npmjs.org/vite-tsconfig-paths/-/vite-tsconfig-paths-6.1.1.tgz 862ms (cache miss)
1525 http fetch GET 200 https://registry.npmjs.org/youch/-/youch-4.1.0-beta.10.tgz 895ms (cache miss)
1526 http fetch GET 200 https://registry.npmjs.org/typed-array-length/-/typed-array-length-1.0.7.tgz 897ms (cache miss)
1527 http fetch GET 200 https://registry.npmjs.org/unbox-primitive/-/unbox-primitive-1.1.0.tgz 899ms (cache miss)
1528 http fetch GET 200 https://registry.npmjs.org/domutils/-/domutils-3.2.2.tgz 935ms (cache miss)
1529 http fetch GET 200 https://registry.npmjs.org/js-beautify/-/js-beautify-1.15.4.tgz 942ms (cache miss)
1530 http fetch GET 200 https://registry.npmjs.org/entities/-/entities-4.5.0.tgz 962ms (cache miss)
1531 http fetch GET 200 https://registry.npmjs.org/typed-array-byte-length/-/typed-array-byte-length-1.0.3.tgz 953ms (cache miss)
1532 http fetch GET 200 https://registry.npmjs.org/uri-js/-/uri-js-4.4.1.tgz 957ms (cache miss)
1533 http fetch GET 200 https://registry.npmjs.org/glob/-/glob-10.5.0.tgz 973ms (cache miss)
1534 warn deprecated glob@10.5.0: Old versions of glob are not supported, and contain widely publicized security vulnerabilities, which have been fixed in the current version. Please update. Support for old versions may be purchased (at exorbitant rates) by contacting i@izs.me
1535 http fetch GET 200 https://registry.npmjs.org/turbo-stream/-/turbo-stream-3.2.0.tgz 1042ms (cache miss)
1536 http fetch GET 200 https://registry.npmjs.org/undici-types/-/undici-types-6.21.0.tgz 1064ms (cache miss)
1537 http fetch GET 200 https://registry.npmjs.org/type-check/-/type-check-0.4.0.tgz 1084ms (cache miss)
1538 http fetch GET 200 https://registry.npmjs.org/vite/-/vite-8.0.13.tgz 1095ms (cache miss)
1539 http fetch GET 200 https://registry.npmjs.org/to-regex-range/-/to-regex-range-5.0.1.tgz 1089ms (cache miss)
1540 http fetch GET 200 https://registry.npmjs.org/tiny-inflate/-/tiny-inflate-1.0.3.tgz 1114ms (cache miss)
1541 http fetch GET 200 https://registry.npmjs.org/tsconfck/-/tsconfck-3.1.6.tgz 1134ms (cache miss)
1542 http fetch GET 200 https://registry.npmjs.org/terser-webpack-plugin/-/terser-webpack-plugin-5.6.0.tgz 1156ms (cache miss)
1543 http fetch GET 200 https://registry.npmjs.org/ts-api-utils/-/ts-api-utils-2.5.0.tgz 1188ms (cache miss)
1544 http fetch GET 200 https://registry.npmjs.org/typed-array-buffer/-/typed-array-buffer-1.0.3.tgz 1197ms (cache miss)
1545 http fetch GET 200 https://registry.npmjs.org/tinyglobby/-/tinyglobby-0.2.16.tgz 1199ms (cache miss)
1546 http fetch GET 200 https://registry.npmjs.org/supports-preserve-symlinks-flag/-/supports-preserve-symlinks-flag-1.0.0.tgz 1238ms (cache miss)
1547 http fetch GET 200 https://registry.npmjs.org/strip-literal/-/strip-literal-3.1.0.tgz 1238ms (cache miss)
1548 http fetch GET 200 https://registry.npmjs.org/supports-color/-/supports-color-7.2.0.tgz 1263ms (cache miss)
1549 http fetch GET 200 https://registry.npmjs.org/strip-json-comments/-/strip-json-comments-3.1.1.tgz 1285ms (cache miss)
1550 http fetch GET 200 https://registry.npmjs.org/strip-bom/-/strip-bom-3.0.0.tgz 1286ms (cache miss)
1551 http fetch GET 200 https://registry.npmjs.org/string.prototype.trimstart/-/string.prototype.trimstart-1.0.8.tgz 1286ms (cache miss)
1552 http fetch GET 200 https://registry.npmjs.org/workerd/-/workerd-1.20260515.1.tgz 1314ms (cache miss)
1553 http fetch GET 200 https://registry.npmjs.org/tapable/-/tapable-2.3.3.tgz 1316ms (cache miss)
1554 http fetch GET 200 https://registry.npmjs.org/string.prototype.includes/-/string.prototype.includes-2.0.1.tgz 1337ms (cache miss)
1555 http fetch GET 200 https://registry.npmjs.org/string.prototype.codepointat/-/string.prototype.codepointat-0.2.1.tgz 1377ms (cache miss)
1556 http fetch GET 200 https://registry.npmjs.org/stable-hash/-/stable-hash-0.0.5.tgz 1384ms (cache miss)
1557 http fetch GET 200 https://registry.npmjs.org/source-map-support/-/source-map-support-0.5.21.tgz 1404ms (cache miss)
1558 http fetch GET 200 https://registry.npmjs.org/string.prototype.matchall/-/string.prototype.matchall-4.0.12.tgz 1418ms (cache miss)
1559 http fetch GET 200 https://registry.npmjs.org/styled-jsx/-/styled-jsx-5.1.6.tgz 1420ms (cache miss)
1560 http fetch GET 200 https://registry.npmjs.org/string.prototype.repeat/-/string.prototype.repeat-1.0.0.tgz 1431ms (cache miss)
1561 http fetch GET 200 https://registry.npmjs.org/string.prototype.trim/-/string.prototype.trim-1.2.10.tgz 1434ms (cache miss)
1562 http fetch GET 200 https://registry.npmjs.org/string.prototype.trimend/-/string.prototype.trimend-1.0.9.tgz 1438ms (cache miss)
1563 http fetch GET 200 https://registry.npmjs.org/stop-iteration-iterator/-/stop-iteration-iterator-1.1.0.tgz 1448ms (cache miss)
1564 http fetch GET 200 https://registry.npmjs.org/shebang-command/-/shebang-command-2.0.0.tgz 1461ms (cache miss)
1565 http fetch GET 200 https://registry.npmjs.org/side-channel-weakmap/-/side-channel-weakmap-1.0.2.tgz 1467ms (cache miss)
1566 http fetch GET 200 https://registry.npmjs.org/shebang-regex/-/shebang-regex-3.0.0.tgz 1465ms (cache miss)
1567 http fetch GET 200 https://registry.npmjs.org/semver/-/semver-6.3.1.tgz 1494ms (cache miss)
1568 http fetch GET 200 https://registry.npmjs.org/unrs-resolver/-/unrs-resolver-1.11.1.tgz 1525ms (cache miss)
1569 http fetch GET 200 https://registry.npmjs.org/set-proto/-/set-proto-1.0.0.tgz 1510ms (cache miss)
1570 http fetch GET 200 https://registry.npmjs.org/safe-array-concat/-/safe-array-concat-1.1.4.tgz 1509ms (cache miss)
1571 http fetch GET 200 https://registry.npmjs.org/safe-regex-test/-/safe-regex-test-1.1.0.tgz 1513ms (cache miss)
1572 http fetch GET 200 https://registry.npmjs.org/safe-push-apply/-/safe-push-apply-1.0.0.tgz 1517ms (cache miss)
1573 http fetch GET 200 https://registry.npmjs.org/resolve-pkg-maps/-/resolve-pkg-maps-1.0.0.tgz 1520ms (cache miss)
1574 http fetch GET 200 https://registry.npmjs.org/resolve-from/-/resolve-from-4.0.0.tgz 1537ms (cache miss)
1575 http fetch GET 200 https://registry.npmjs.org/require-from-string/-/require-from-string-2.0.2.tgz 1539ms (cache miss)
1576 http fetch GET 200 https://registry.npmjs.org/regexp.prototype.flags/-/regexp.prototype.flags-1.5.4.tgz 1540ms (cache miss)
1577 http fetch GET 200 https://registry.npmjs.org/run-parallel/-/run-parallel-1.2.0.tgz 1543ms (cache miss)
1578 http fetch GET 200 https://registry.npmjs.org/side-channel-map/-/side-channel-map-1.0.1.tgz 1552ms (cache miss)
1579 http fetch GET 200 https://registry.npmjs.org/side-channel/-/side-channel-1.1.0.tgz 1551ms (cache miss)
1580 http fetch GET 200 https://registry.npmjs.org/set-function-name/-/set-function-name-2.0.2.tgz 1558ms (cache miss)
1581 http fetch GET 200 https://registry.npmjs.org/side-channel-list/-/side-channel-list-1.0.1.tgz 1559ms (cache miss)
1582 http fetch GET 200 https://registry.npmjs.org/tsx/-/tsx-4.22.1.tgz 1574ms (cache miss)
1583 http fetch GET 200 https://registry.npmjs.org/react-is/-/react-is-16.13.1.tgz 1566ms (cache miss)
1584 http fetch GET 200 https://registry.npmjs.org/reflect.getprototypeof/-/reflect.getprototypeof-1.0.10.tgz 1570ms (cache miss)
1585 http fetch GET 200 https://registry.npmjs.org/set-function-length/-/set-function-length-1.2.2.tgz 1589ms (cache miss)
1586 http fetch GET 200 https://registry.npmjs.org/tslib/-/tslib-2.8.1.tgz 1605ms (cache miss)
1587 http fetch GET 200 https://registry.npmjs.org/queue-microtask/-/queue-microtask-1.2.3.tgz 1603ms (cache miss)
1588 http fetch GET 200 https://registry.npmjs.org/punycode/-/punycode-2.3.1.tgz 1619ms (cache miss)
1589 http fetch GET 200 https://registry.npmjs.org/source-map-js/-/source-map-js-1.2.1.tgz 1634ms (cache miss)
1590 http fetch GET 200 https://registry.npmjs.org/picocolors/-/picocolors-1.1.1.tgz 1627ms (cache miss)
1591 http fetch GET 200 https://registry.npmjs.org/possible-typed-array-names/-/possible-typed-array-names-1.1.0.tgz 1630ms (cache miss)
1592 http fetch GET 200 https://registry.npmjs.org/postcss-value-parser/-/postcss-value-parser-4.2.0.tgz 1641ms (cache miss)
1593 http fetch GET 200 https://registry.npmjs.org/path-parse/-/path-parse-1.0.7.tgz 1731ms (cache miss)
1594 http fetch GET 200 https://registry.npmjs.org/pathe/-/pathe-2.0.3.tgz 1733ms (cache miss)
1595 http fetch GET 200 https://registry.npmjs.org/path-key/-/path-key-3.1.1.tgz 1738ms (cache miss)
1596 http fetch GET 200 https://registry.npmjs.org/reusify/-/reusify-1.1.0.tgz 1751ms (cache miss)
1597 http fetch GET 200 https://registry.npmjs.org/path-exists/-/path-exists-4.0.0.tgz 1753ms (cache miss)
1598 http fetch GET 200 https://registry.npmjs.org/scheduler/-/scheduler-0.27.0.tgz 1773ms (cache miss)
1599 http fetch GET 200 https://registry.npmjs.org/p-locate/-/p-locate-5.0.0.tgz 1782ms (cache miss)
1600 http fetch GET 200 https://registry.npmjs.org/p-limit/-/p-limit-3.1.0.tgz 1783ms (cache miss)
1601 http fetch GET 200 https://registry.npmjs.org/own-keys/-/own-keys-1.0.1.tgz 1783ms (cache miss)
1602 http fetch GET 200 https://registry.npmjs.org/object.fromentries/-/object.fromentries-2.0.8.tgz 1781ms (cache miss)
1603 http fetch GET 200 https://registry.npmjs.org/parse-css-color/-/parse-css-color-0.2.1.tgz 1786ms (cache miss)
1604 http fetch GET 200 https://registry.npmjs.org/parent-module/-/parent-module-1.0.1.tgz 1791ms (cache miss)
1605 http fetch GET 200 https://registry.npmjs.org/object.entries/-/object.entries-1.1.9.tgz 1790ms (cache miss)
1606 http fetch GET 200 https://registry.npmjs.org/optionator/-/optionator-0.9.4.tgz 1791ms (cache miss)
1607 http fetch GET 200 https://registry.npmjs.org/object.groupby/-/object.groupby-1.0.3.tgz 1791ms (cache miss)
1608 http fetch GET 200 https://registry.npmjs.org/object-assign/-/object-assign-4.1.1.tgz 1790ms (cache miss)
1609 http fetch GET 200 https://registry.npmjs.org/object-keys/-/object-keys-1.1.1.tgz 1791ms (cache miss)
1610 http fetch GET 200 https://registry.npmjs.org/object.values/-/object.values-1.2.1.tgz 1792ms (cache miss)
1611 http fetch GET 200 https://registry.npmjs.org/node-releases/-/node-releases-2.0.44.tgz 1794ms (cache miss)
1612 http fetch GET 200 https://registry.npmjs.org/prop-types/-/prop-types-15.8.1.tgz 1803ms (cache miss)
1613 http fetch GET 200 https://registry.npmjs.org/picomatch/-/picomatch-2.3.2.tgz 1810ms (cache miss)
1614 http fetch GET 200 https://registry.npmjs.org/path-to-regexp/-/path-to-regexp-6.3.0.tgz 1819ms (cache miss)
1615 http fetch GET 200 https://registry.npmjs.org/nanoid/-/nanoid-3.3.12.tgz 1825ms (cache miss)
1616 http fetch GET 200 https://registry.npmjs.org/merge-stream/-/merge-stream-2.0.0.tgz 1836ms (cache miss)
1617 http fetch GET 200 https://registry.npmjs.org/minimatch/-/minimatch-3.1.5.tgz 1840ms (cache miss)
1618 http fetch GET 200 https://registry.npmjs.org/natural-compare/-/natural-compare-1.4.0.tgz 1845ms (cache miss)
1619 http fetch GET 200 https://registry.npmjs.org/prelude-ls/-/prelude-ls-1.2.1.tgz 1866ms (cache miss)
1620 http fetch GET 200 https://registry.npmjs.org/lru-cache/-/lru-cache-5.1.1.tgz 1871ms (cache miss)
1621 http fetch GET 200 https://registry.npmjs.org/web-vitals/-/web-vitals-4.2.4.tgz 1911ms (cache miss)
1622 http fetch GET 200 https://registry.npmjs.org/merge2/-/merge2-1.4.1.tgz 1871ms (cache miss)
1623 http fetch GET 200 https://registry.npmjs.org/schema-utils/-/schema-utils-4.3.3.tgz 1901ms (cache miss)
1624 http fetch GET 200 https://registry.npmjs.org/ms/-/ms-2.1.3.tgz 1898ms (cache miss)
1625 http fetch GET 200 https://registry.npmjs.org/loose-envify/-/loose-envify-1.4.0.tgz 1901ms (cache miss)
1626 http fetch GET 200 https://registry.npmjs.org/tailwindcss/-/tailwindcss-4.2.1.tgz 1947ms (cache miss)
1627 http fetch GET 200 https://registry.npmjs.org/terser/-/terser-5.47.1.tgz 1959ms (cache miss)
1628 http fetch GET 200 https://registry.npmjs.org/locate-path/-/locate-path-6.0.0.tgz 1931ms (cache miss)
1629 http fetch GET 200 https://registry.npmjs.org/object.assign/-/object.assign-4.1.7.tgz 1942ms (cache miss)
1630 http fetch GET 200 https://registry.npmjs.org/lodash.merge/-/lodash.merge-4.6.2.tgz 1941ms (cache miss)
1631 http fetch GET 200 https://registry.npmjs.org/mime-db/-/mime-db-1.54.0.tgz 1948ms (cache miss)
1632 http fetch GET 200 https://registry.npmjs.org/math-intrinsics/-/math-intrinsics-1.1.0.tgz 1962ms (cache miss)
1633 http fetch GET 200 https://registry.npmjs.org/micromatch/-/micromatch-4.0.8.tgz 1964ms (cache miss)
1634 http fetch GET 200 https://registry.npmjs.org/srvx/-/srvx-0.11.15.tgz 1991ms (cache miss)
1635 http fetch GET 200 https://registry.npmjs.org/napi-postinstall/-/napi-postinstall-0.3.4.tgz 2028ms (cache miss)
1636 http fetch GET 200 https://registry.npmjs.org/language-tags/-/language-tags-1.0.9.tgz 2024ms (cache miss)
1637 http fetch GET 200 https://registry.npmjs.org/levn/-/levn-0.4.1.tgz 2029ms (cache miss)
1638 http fetch GET 200 https://registry.npmjs.org/loader-runner/-/loader-runner-4.3.2.tgz 2036ms (cache miss)
1639 http fetch GET 200 https://registry.npmjs.org/sharp/-/sharp-0.34.5.tgz 2073ms (cache miss)
1640 http fetch GET 200 https://registry.npmjs.org/react/-/react-19.2.6.tgz 2058ms (cache miss)
1641 http fetch GET 200 https://registry.npmjs.org/json-stable-stringify-without-jsonify/-/json-stable-stringify-without-jsonify-1.0.1.tgz 2064ms (cache miss)
1642 http fetch GET 200 https://registry.npmjs.org/kleur/-/kleur-4.1.5.tgz 2069ms (cache miss)
1643 http fetch GET 200 https://registry.npmjs.org/magic-string/-/magic-string-0.30.21.tgz 2074ms (cache miss)
1644 http fetch GET 200 https://registry.npmjs.org/node-exports-info/-/node-exports-info-1.6.0.tgz 2080ms (cache miss)
1645 http fetch GET 200 https://registry.npmjs.org/keyv/-/keyv-4.5.4.tgz 2077ms (cache miss)
1646 http fetch GET 200 https://registry.npmjs.org/object-inspect/-/object-inspect-1.13.4.tgz 2096ms (cache miss)
1647 http fetch GET 200 https://registry.npmjs.org/jsesc/-/jsesc-3.1.0.tgz 2100ms (cache miss)
1648 http fetch GET 200 https://registry.npmjs.org/json-schema-traverse/-/json-schema-traverse-0.4.1.tgz 2113ms (cache miss)
1649 http fetch GET 200 https://registry.npmjs.org/linebreak/-/linebreak-1.1.0.tgz 2119ms (cache miss)
1650 http fetch GET 200 https://registry.npmjs.org/json-buffer/-/json-buffer-3.0.1.tgz 2125ms (cache miss)
1651 http fetch GET 200 https://registry.npmjs.org/minimist/-/minimist-1.2.8.tgz 2132ms (cache miss)
1652 http fetch GET 200 https://registry.npmjs.org/pako/-/pako-0.2.9.tgz 2157ms (cache miss)
1653 http fetch GET 200 https://registry.npmjs.org/js-tokens/-/js-tokens-4.0.0.tgz 2162ms (cache miss)
1654 http fetch GET 200 https://registry.npmjs.org/isexe/-/isexe-2.0.0.tgz 2168ms (cache miss)
1655 http fetch GET 200 https://registry.npmjs.org/lightningcss/-/lightningcss-1.31.1.tgz 2177ms (cache miss)
1656 http fetch GET 200 https://registry.npmjs.org/tsconfig-paths/-/tsconfig-paths-3.15.0.tgz 2214ms (cache miss)
1657 http fetch GET 200 https://registry.npmjs.org/satori/-/satori-0.16.0.tgz 2202ms (cache miss)
1658 http fetch GET 200 https://registry.npmjs.org/iterator.prototype/-/iterator.prototype-1.1.5.tgz 2176ms (cache miss)
1659 http fetch GET 200 https://registry.npmjs.org/react-server-dom-webpack/-/react-server-dom-webpack-19.2.6.tgz 2205ms (cache miss)
1660 http fetch GET 200 https://registry.npmjs.org/isarray/-/isarray-2.0.5.tgz 2186ms (cache miss)
1661 http fetch GET 200 https://registry.npmjs.org/is-weakref/-/is-weakref-1.1.1.tgz 2219ms (cache miss)
1662 http fetch GET 200 https://registry.npmjs.org/is-shared-array-buffer/-/is-shared-array-buffer-1.0.4.tgz 2224ms (cache miss)
1663 http fetch GET 200 https://registry.npmjs.org/is-weakset/-/is-weakset-2.0.4.tgz 2227ms (cache miss)
1664 http fetch GET 200 https://registry.npmjs.org/is-weakmap/-/is-weakmap-2.0.2.tgz 2230ms (cache miss)
1665 http fetch GET 200 https://registry.npmjs.org/json5/-/json5-2.2.3.tgz 2237ms (cache miss)
1666 http fetch GET 200 https://registry.npmjs.org/is-symbol/-/is-symbol-1.1.1.tgz 2234ms (cache miss)
1667 http fetch GET 200 https://registry.npmjs.org/is-typed-array/-/is-typed-array-1.1.15.tgz 2267ms (cache miss)
1668 http fetch GET 200 https://registry.npmjs.org/postcss/-/postcss-8.5.14.tgz 2291ms (cache miss)
1669 http fetch GET 200 https://registry.npmjs.org/rolldown/-/rolldown-1.0.1.tgz 2298ms (cache miss)
1670 http fetch GET 200 https://registry.npmjs.org/is-glob/-/is-glob-4.0.3.tgz 2268ms (cache miss)
1671 http fetch GET 200 https://registry.npmjs.org/is-finalizationregistry/-/is-finalizationregistry-1.1.1.tgz 2272ms (cache miss)
1672 http fetch GET 200 https://registry.npmjs.org/is-number/-/is-number-7.0.0.tgz 2275ms (cache miss)
1673 http fetch GET 200 https://registry.npmjs.org/is-number-object/-/is-number-object-1.1.1.tgz 2275ms (cache miss)
1674 http fetch GET 200 https://registry.npmjs.org/is-string/-/is-string-1.1.1.tgz 2278ms (cache miss)
1675 http fetch GET 200 https://registry.npmjs.org/is-set/-/is-set-2.0.3.tgz 2277ms (cache miss)
1676 http fetch GET 200 https://registry.npmjs.org/is-extglob/-/is-extglob-2.1.1.tgz 2283ms (cache miss)
1677 http fetch GET 200 https://registry.npmjs.org/is-generator-function/-/is-generator-function-1.1.2.tgz 2285ms (cache miss)
1678 http fetch GET 200 https://registry.npmjs.org/is-negative-zero/-/is-negative-zero-2.0.3.tgz 2310ms (cache miss)
1679 http fetch GET 200 https://registry.npmjs.org/language-subtag-registry/-/language-subtag-registry-0.3.23.tgz 2329ms (cache miss)
1680 http fetch GET 200 https://registry.npmjs.org/is-date-object/-/is-date-object-1.1.0.tgz 2321ms (cache miss)
1681 http fetch GET 200 https://registry.npmjs.org/is-bun-module/-/is-bun-module-2.0.0.tgz 2320ms (cache miss)
1682 http fetch GET 200 https://registry.npmjs.org/is-array-buffer/-/is-array-buffer-3.0.5.tgz 2319ms (cache miss)
1683 http fetch GET 200 https://registry.npmjs.org/is-data-view/-/is-data-view-1.0.2.tgz 2321ms (cache miss)
1684 http fetch GET 200 https://registry.npmjs.org/is-map/-/is-map-2.0.3.tgz 2325ms (cache miss)
1685 http fetch GET 200 https://registry.npmjs.org/is-bigint/-/is-bigint-1.1.0.tgz 2329ms (cache miss)
1686 http fetch GET 200 https://registry.npmjs.org/is-regex/-/is-regex-1.2.1.tgz 2335ms (cache miss)
1687 http fetch GET 200 https://registry.npmjs.org/is-boolean-object/-/is-boolean-object-1.2.2.tgz 2336ms (cache miss)
1688 http fetch GET 200 https://registry.npmjs.org/is-async-function/-/is-async-function-2.1.1.tgz 2337ms (cache miss)
1689 http fetch GET 200 https://registry.npmjs.org/imurmurhash/-/imurmurhash-0.1.4.tgz 2346ms (cache miss)
1690 http fetch GET 200 https://registry.npmjs.org/import-fresh/-/import-fresh-3.3.1.tgz 2347ms (cache miss)
1691 http fetch GET 200 https://registry.npmjs.org/is-callable/-/is-callable-1.2.7.tgz 2348ms (cache miss)
1692 http fetch GET 200 https://registry.npmjs.org/internal-slot/-/internal-slot-1.1.0.tgz 2352ms (cache miss)
1693 http fetch GET 200 https://registry.npmjs.org/is-core-module/-/is-core-module-2.16.2.tgz 2357ms (cache miss)
1694 http fetch GET 200 https://registry.npmjs.org/ipaddr.js/-/ipaddr.js-2.4.0.tgz 2370ms (cache miss)
1695 http fetch GET 200 https://registry.npmjs.org/jest-worker/-/jest-worker-27.5.1.tgz 2394ms (cache miss)
1696 http fetch GET 200 https://registry.npmjs.org/hex-rgb/-/hex-rgb-4.3.0.tgz 2388ms (cache miss)
1697 http fetch GET 200 https://registry.npmjs.org/ignore/-/ignore-5.3.2.tgz 2389ms (cache miss)
1698 http fetch GET 200 https://registry.npmjs.org/has-tostringtag/-/has-tostringtag-1.0.2.tgz 2390ms (cache miss)
1699 http fetch GET 200 https://registry.npmjs.org/has-proto/-/has-proto-1.2.0.tgz 2392ms (cache miss)
1700 http fetch GET 200 https://registry.npmjs.org/has-flag/-/has-flag-4.0.0.tgz 2392ms (cache miss)
1701 http fetch GET 200 https://registry.npmjs.org/has-symbols/-/has-symbols-1.1.0.tgz 2411ms (cache miss)
1702 http fetch GET 200 https://registry.npmjs.org/graceful-fs/-/graceful-fs-4.2.11.tgz 2413ms (cache miss)
1703 http fetch GET 200 https://registry.npmjs.org/has-property-descriptors/-/has-property-descriptors-1.0.2.tgz 2414ms (cache miss)
1704 http fetch GET 200 https://registry.npmjs.org/wrangler/-/wrangler-4.92.0.tgz 2491ms (cache miss)
1705 http fetch GET 200 https://registry.npmjs.org/has-bigints/-/has-bigints-1.1.0.tgz 2425ms (cache miss)
1706 http fetch GET 200 https://registry.npmjs.org/hasown/-/hasown-2.0.3.tgz 2433ms (cache miss)
1707 http fetch GET 200 https://registry.npmjs.org/gopd/-/gopd-1.2.0.tgz 2432ms (cache miss)
1708 http fetch GET 200 https://registry.npmjs.org/globrex/-/globrex-0.1.2.tgz 2433ms (cache miss)
1709 http fetch GET 200 https://registry.npmjs.org/glob-to-regexp/-/glob-to-regexp-0.4.1.tgz 2432ms (cache miss)
1710 http fetch GET 200 https://registry.npmjs.org/globalthis/-/globalthis-1.0.4.tgz 2436ms (cache miss)
1711 http fetch GET 200 https://registry.npmjs.org/glob-parent/-/glob-parent-6.0.2.tgz 2444ms (cache miss)
1712 http fetch GET 200 https://registry.npmjs.org/get-symbol-description/-/get-symbol-description-1.1.0.tgz 2447ms (cache miss)
1713 http fetch GET 200 https://registry.npmjs.org/get-proto/-/get-proto-1.0.1.tgz 2452ms (cache miss)
1714 http fetch GET 200 https://registry.npmjs.org/globals/-/globals-14.0.0.tgz 2455ms (cache miss)
1715 http fetch GET 200 https://registry.npmjs.org/gensync/-/gensync-1.0.0-beta.2.tgz 2459ms (cache miss)
1716 http fetch GET 200 https://registry.npmjs.org/source-map/-/source-map-0.6.1.tgz 2517ms (cache miss)
1717 http fetch GET 200 https://registry.npmjs.org/generator-function/-/generator-function-2.0.1.tgz 2470ms (cache miss)
1718 http fetch GET 200 https://registry.npmjs.org/js-yaml/-/js-yaml-4.1.1.tgz 2502ms (cache miss)
1719 http fetch GET 200 https://registry.npmjs.org/find-up/-/find-up-5.0.0.tgz 2496ms (cache miss)
1720 http fetch GET 200 https://registry.npmjs.org/flat-cache/-/flat-cache-4.0.1.tgz 2510ms (cache miss)
1721 http fetch GET 200 https://registry.npmjs.org/fill-range/-/fill-range-7.1.1.tgz 2514ms (cache miss)
1722 http fetch GET 200 https://registry.npmjs.org/fastq/-/fastq-1.20.1.tgz 2516ms (cache miss)
1723 http fetch GET 200 https://registry.npmjs.org/get-intrinsic/-/get-intrinsic-1.3.0.tgz 2526ms (cache miss)
1724 http fetch GET 200 https://registry.npmjs.org/file-entry-cache/-/file-entry-cache-8.0.0.tgz 2520ms (cache miss)
1725 http fetch GET 200 https://registry.npmjs.org/flatted/-/flatted-3.4.2.tgz 2522ms (cache miss)
1726 http fetch GET 200 https://registry.npmjs.org/estree-walker/-/estree-walker-3.0.3.tgz 2522ms (cache miss)
1727 http fetch GET 200 https://registry.npmjs.org/get-tsconfig/-/get-tsconfig-4.14.0.tgz 2534ms (cache miss)
1728 http fetch GET 200 https://registry.npmjs.org/fast-levenshtein/-/fast-levenshtein-2.0.6.tgz 2527ms (cache miss)
1729 http fetch GET 200 https://registry.npmjs.org/for-each/-/for-each-0.3.5.tgz 2529ms (cache miss)
1730 http fetch GET 200 https://registry.npmjs.org/fast-deep-equal/-/fast-deep-equal-3.1.3.tgz 2529ms (cache miss)
1731 http fetch GET 200 https://registry.npmjs.org/fast-json-stable-stringify/-/fast-json-stable-stringify-2.1.0.tgz 2528ms (cache miss)
1732 http fetch GET 200 https://registry.npmjs.org/estraverse/-/estraverse-5.3.0.tgz 2529ms (cache miss)
1733 http fetch GET 200 https://registry.npmjs.org/functions-have-names/-/functions-have-names-1.2.3.tgz 2545ms (cache miss)
1734 http fetch GET 200 https://registry.npmjs.org/hermes-estree/-/hermes-estree-0.25.1.tgz 2565ms (cache miss)
1735 http fetch GET 200 https://registry.npmjs.org/function-bind/-/function-bind-1.1.2.tgz 2567ms (cache miss)
1736 http fetch GET 200 https://registry.npmjs.org/esrecurse/-/esrecurse-4.3.0.tgz 2567ms (cache miss)
1737 http fetch GET 200 https://registry.npmjs.org/neo-async/-/neo-async-2.6.2.tgz 2641ms (cache miss)
1738 http fetch GET 200 https://registry.npmjs.org/escape-string-regexp/-/escape-string-regexp-4.0.0.tgz 2610ms (cache miss)
1739 http fetch GET 200 https://registry.npmjs.org/function.prototype.name/-/function.prototype.name-1.1.8.tgz 2633ms (cache miss)
1740 http fetch GET 200 https://registry.npmjs.org/eslint-import-resolver-node/-/eslint-import-resolver-node-0.3.10.tgz 2626ms (cache miss)
1741 http fetch GET 200 https://registry.npmjs.org/esutils/-/esutils-2.0.3.tgz 2637ms (cache miss)
1742 http fetch GET 200 https://registry.npmjs.org/eslint-visitor-keys/-/eslint-visitor-keys-4.2.1.tgz 2657ms (cache miss)
1743 http fetch GET 200 https://registry.npmjs.org/espree/-/espree-10.4.0.tgz 2662ms (cache miss)
1744 http fetch GET 200 https://registry.npmjs.org/eslint-import-resolver-typescript/-/eslint-import-resolver-typescript-3.10.1.tgz 2662ms (cache miss)
1745 http fetch GET 200 https://registry.npmjs.org/escape-html/-/escape-html-1.0.3.tgz 2661ms (cache miss)
1746 http fetch GET 200 https://registry.npmjs.org/escalade/-/escalade-3.2.0.tgz 2665ms (cache miss)
1747 http fetch GET 200 https://registry.npmjs.org/eslint-config-next/-/eslint-config-next-16.2.6.tgz 2695ms (cache miss)
1748 http fetch GET 200 https://registry.npmjs.org/es-to-primitive/-/es-to-primitive-1.3.0.tgz 2710ms (cache miss)
1749 http fetch GET 200 https://registry.npmjs.org/es-shim-unscopables/-/es-shim-unscopables-1.1.0.tgz 2710ms (cache miss)
1750 http fetch GET 200 https://registry.npmjs.org/eslint-scope/-/eslint-scope-8.4.0.tgz 2728ms (cache miss)
1751 http fetch GET 200 https://registry.npmjs.org/fflate/-/fflate-0.7.4.tgz 2736ms (cache miss)
1752 http fetch GET 200 https://registry.npmjs.org/esbuild/-/esbuild-0.28.0.tgz 2745ms (cache miss)
1753 http fetch GET 200 https://registry.npmjs.org/es-set-tostringtag/-/es-set-tostringtag-2.1.0.tgz 2751ms (cache miss)
1754 http fetch GET 200 https://registry.npmjs.org/eslint-module-utils/-/eslint-module-utils-2.12.1.tgz 2783ms (cache miss)
1755 http fetch GET 200 https://registry.npmjs.org/events/-/events-3.3.0.tgz 2787ms (cache miss)
1756 http fetch GET 200 https://registry.npmjs.org/es-define-property/-/es-define-property-1.0.1.tgz 2791ms (cache miss)
1757 http fetch GET 200 https://registry.npmjs.org/error-stack-parser-es/-/error-stack-parser-es-1.0.5.tgz 2804ms (cache miss)
1758 http fetch GET 200 https://registry.npmjs.org/es-errors/-/es-errors-1.3.0.tgz 2806ms (cache miss)
1759 http fetch GET 200 https://registry.npmjs.org/fast-uri/-/fast-uri-3.1.2.tgz 2831ms (cache miss)
1760 http fetch GET 200 https://registry.npmjs.org/react-dom/-/react-dom-19.2.6.tgz 2905ms (cache miss)
1761 http fetch GET 200 https://registry.npmjs.org/emoji-regex-xs/-/emoji-regex-xs-2.0.1.tgz 2846ms (cache miss)
1762 http fetch GET 200 https://registry.npmjs.org/es-object-atoms/-/es-object-atoms-1.1.1.tgz 2866ms (cache miss)
1763 http fetch GET 200 https://registry.npmjs.org/emoji-regex/-/emoji-regex-9.2.2.tgz 2893ms (cache miss)
1764 http fetch GET 200 https://registry.npmjs.org/dunder-proto/-/dunder-proto-1.0.1.tgz 2904ms (cache miss)
1765 http fetch GET 200 https://registry.npmjs.org/define-properties/-/define-properties-1.2.1.tgz 2916ms (cache miss)
1766 http fetch GET 200 https://registry.npmjs.org/hermes-parser/-/hermes-parser-0.25.1.tgz 2961ms (cache miss)
1767 http fetch GET 200 https://registry.npmjs.org/undici/-/undici-7.24.8.tgz 3050ms (cache miss)
1768 http fetch GET 200 https://registry.npmjs.org/esquery/-/esquery-1.7.0.tgz 3000ms (cache miss)
1769 http fetch GET 200 https://registry.npmjs.org/electron-to-chromium/-/electron-to-chromium-1.5.358.tgz 3002ms (cache miss)
1770 http fetch GET 200 https://registry.npmjs.org/resolve/-/resolve-2.0.0-next.7.tgz 3077ms (cache miss)
1771 http fetch GET 200 https://registry.npmjs.org/deep-is/-/deep-is-0.1.4.tgz 3009ms (cache miss)
1772 http fetch GET 200 https://registry.npmjs.org/detect-libc/-/detect-libc-2.1.2.tgz 3009ms (cache miss)
1773 http fetch GET 200 https://registry.npmjs.org/debug/-/debug-4.4.3.tgz 3013ms (cache miss)
1774 http fetch GET 200 https://registry.npmjs.org/doctrine/-/doctrine-2.1.0.tgz 3019ms (cache miss)
1775 http fetch GET 200 https://registry.npmjs.org/damerau-levenshtein/-/damerau-levenshtein-1.0.8.tgz 3033ms (cache miss)
1776 http fetch GET 200 https://registry.npmjs.org/fast-glob/-/fast-glob-3.3.1.tgz 3075ms (cache miss)
1777 http fetch GET 200 https://registry.npmjs.org/data-view-byte-length/-/data-view-byte-length-1.0.2.tgz 3069ms (cache miss)
1778 http fetch GET 200 https://registry.npmjs.org/es-module-lexer/-/es-module-lexer-2.1.0.tgz 3074ms (cache miss)
1779 http fetch GET 200 https://registry.npmjs.org/css-gradient-parser/-/css-gradient-parser-0.0.16.tgz 3076ms (cache miss)
1780 http fetch GET 200 https://registry.npmjs.org/data-view-byte-offset/-/data-view-byte-offset-1.0.1.tgz 3079ms (cache miss)
1781 http fetch GET 200 https://registry.npmjs.org/data-view-buffer/-/data-view-buffer-1.0.2.tgz 3135ms (cache miss)
1782 http fetch GET 200 https://registry.npmjs.org/css-color-keywords/-/css-color-keywords-1.0.0.tgz 3136ms (cache miss)
1783 http fetch GET 200 https://registry.npmjs.org/css-box-shadow/-/css-box-shadow-1.0.0-3.tgz 3153ms (cache miss)
1784 http fetch GET 200 https://registry.npmjs.org/cross-spawn/-/cross-spawn-7.0.6.tgz 3155ms (cache miss)
1785 http fetch GET 200 https://registry.npmjs.org/define-data-property/-/define-data-property-1.1.4.tgz 3158ms (cache miss)
1786 http fetch GET 200 https://registry.npmjs.org/jsx-ast-utils/-/jsx-ast-utils-3.3.5.tgz 3220ms (cache miss)
1787 http fetch GET 200 https://registry.npmjs.org/convert-source-map/-/convert-source-map-2.0.0.tgz 3165ms (cache miss)
1788 http fetch GET 200 https://registry.npmjs.org/css-background-parser/-/css-background-parser-0.1.0.tgz 3202ms (cache miss)
1789 http fetch GET 200 https://registry.npmjs.org/client-only/-/client-only-0.0.1.tgz 3226ms (cache miss)
1790 http fetch GET 200 https://registry.npmjs.org/enhanced-resolve/-/enhanced-resolve-5.21.3.tgz 3250ms (cache miss)
1791 http fetch GET 200 https://registry.npmjs.org/concat-map/-/concat-map-0.0.1.tgz 3239ms (cache miss)
1792 http fetch GET 200 https://registry.npmjs.org/eslint-plugin-react-hooks/-/eslint-plugin-react-hooks-7.1.1.tgz 3270ms (cache miss)
1793 http fetch GET 200 https://registry.npmjs.org/commander/-/commander-2.20.3.tgz 3266ms (cache miss)
1794 http fetch GET 200 https://registry.npmjs.org/cookie/-/cookie-1.1.1.tgz 3285ms (cache miss)
1795 http fetch GET 200 https://registry.npmjs.org/color-convert/-/color-convert-2.0.1.tgz 3301ms (cache miss)
1796 http fetch GET 200 https://registry.npmjs.org/callsites/-/callsites-3.1.0.tgz 3304ms (cache miss)
1797 http fetch GET 200 https://registry.npmjs.org/chrome-trace-event/-/chrome-trace-event-1.0.4.tgz 3311ms (cache miss)
1798 http fetch GET 200 https://registry.npmjs.org/color-name/-/color-name-1.1.4.tgz 3317ms (cache miss)
1799 http fetch GET 200 https://registry.npmjs.org/chalk/-/chalk-4.1.2.tgz 3330ms (cache miss)
1800 http fetch GET 200 https://registry.npmjs.org/camelize/-/camelize-1.0.1.tgz 3329ms (cache miss)
1801 http fetch GET 200 https://registry.npmjs.org/call-bound/-/call-bound-1.0.4.tgz 3339ms (cache miss)
1802 http fetch GET 200 https://registry.npmjs.org/call-bind-apply-helpers/-/call-bind-apply-helpers-1.0.2.tgz 3341ms (cache miss)
1803 http fetch GET 200 https://registry.npmjs.org/braces/-/braces-3.0.3.tgz 3340ms (cache miss)
1804 http fetch GET 200 https://registry.npmjs.org/buffer-from/-/buffer-from-1.1.2.tgz 3342ms (cache miss)
1805 http fetch GET 200 https://registry.npmjs.org/call-bind/-/call-bind-1.0.9.tgz 3357ms (cache miss)
1806 http fetch GET 200 https://registry.npmjs.org/brace-expansion/-/brace-expansion-1.1.14.tgz 3374ms (cache miss)
1807 http fetch GET 200 https://registry.npmjs.org/base64-js/-/base64-js-0.0.8.tgz 3377ms (cache miss)
1808 http fetch GET 200 https://registry.npmjs.org/browserslist/-/browserslist-4.28.2.tgz 3391ms (cache miss)
1809 http fetch GET 200 https://registry.npmjs.org/baseline-browser-mapping/-/baseline-browser-mapping-2.10.30.tgz 3414ms (cache miss)
1810 http fetch GET 200 https://registry.npmjs.org/balanced-match/-/balanced-match-1.0.2.tgz 3429ms (cache miss)
1811 http fetch GET 200 https://registry.npmjs.org/available-typed-arrays/-/available-typed-arrays-1.0.7.tgz 3433ms (cache miss)
1812 http fetch GET 200 https://registry.npmjs.org/ast-types-flow/-/ast-types-flow-0.0.8.tgz 3452ms (cache miss)
1813 http fetch GET 200 https://registry.npmjs.org/async-function/-/async-function-1.0.0.tgz 3453ms (cache miss)
1814 http fetch GET 200 https://registry.npmjs.org/csstype/-/csstype-3.2.3.tgz 3491ms (cache miss)
1815 http fetch GET 200 https://registry.npmjs.org/image-size/-/image-size-2.0.2.tgz 3547ms (cache miss)
1816 http fetch GET 200 https://registry.npmjs.org/arraybuffer.prototype.slice/-/arraybuffer.prototype.slice-1.0.4.tgz 3499ms (cache miss)
1817 http fetch GET 200 https://registry.npmjs.org/array.prototype.flatmap/-/array.prototype.flatmap-1.3.3.tgz 3500ms (cache miss)
1818 http fetch GET 200 https://registry.npmjs.org/css-to-react-native/-/css-to-react-native-3.2.0.tgz 3543ms (cache miss)
1819 http fetch GET 200 https://registry.npmjs.org/array.prototype.findlastindex/-/array.prototype.findlastindex-1.2.6.tgz 3533ms (cache miss)
1820 http fetch GET 200 https://registry.npmjs.org/array.prototype.flat/-/array.prototype.flat-1.3.3.tgz 3534ms (cache miss)
1821 http fetch GET 200 https://registry.npmjs.org/array.prototype.tosorted/-/array.prototype.tosorted-1.1.4.tgz 3535ms (cache miss)
1822 http fetch GET 200 https://registry.npmjs.org/ansi-styles/-/ansi-styles-4.3.0.tgz 3608ms (cache miss)
1823 http fetch GET 200 https://registry.npmjs.org/array.prototype.findlast/-/array.prototype.findlast-1.2.5.tgz 3612ms (cache miss)
1824 http fetch GET 200 https://registry.npmjs.org/acorn-jsx/-/acorn-jsx-5.3.2.tgz 3645ms (cache miss)
1825 http fetch GET 200 https://registry.npmjs.org/jiti/-/jiti-2.7.0.tgz 3714ms (cache miss)
1826 http fetch GET 200 https://registry.npmjs.org/array-includes/-/array-includes-3.1.9.tgz 3651ms (cache miss)
1827 http fetch GET 200 https://registry.npmjs.org/array-buffer-byte-length/-/array-buffer-byte-length-1.0.2.tgz 3663ms (cache miss)
1828 http fetch GET 200 https://registry.npmjs.org/argparse/-/argparse-2.0.1.tgz 3670ms (cache miss)
1829 http fetch GET 200 https://registry.npmjs.org/acorn-loose/-/acorn-loose-8.5.2.tgz 3684ms (cache miss)
1830 http fetch GET 200 https://registry.npmjs.org/es-iterator-helpers/-/es-iterator-helpers-1.3.2.tgz 3719ms (cache miss)
1831 http fetch GET 200 https://registry.npmjs.org/@webassemblyjs/wasm-parser/-/wasm-parser-1.14.1.tgz 3703ms (cache miss)
1832 http fetch GET 200 https://registry.npmjs.org/acorn-import-phases/-/acorn-import-phases-1.0.4.tgz 3711ms (cache miss)
1833 http fetch GET 200 https://registry.npmjs.org/@webassemblyjs/wast-printer/-/wast-printer-1.14.1.tgz 3729ms (cache miss)
1834 http fetch GET 200 https://registry.npmjs.org/@webassemblyjs/wasm-opt/-/wasm-opt-1.14.1.tgz 3743ms (cache miss)
1835 http fetch GET 200 https://registry.npmjs.org/@webassemblyjs/wasm-gen/-/wasm-gen-1.14.1.tgz 3748ms (cache miss)
1836 http fetch GET 200 https://registry.npmjs.org/@xtuc/ieee754/-/ieee754-1.2.0.tgz 3802ms (cache miss)
1837 http fetch GET 200 https://registry.npmjs.org/@xtuc/long/-/long-4.2.2.tgz 3805ms (cache miss)
1838 http fetch GET 200 https://registry.npmjs.org/ajv-formats/-/ajv-formats-2.1.1.tgz 3816ms (cache miss)
1839 http fetch GET 200 https://registry.npmjs.org/@webassemblyjs/utf8/-/utf8-1.13.2.tgz 3823ms (cache miss)
1840 http fetch GET 200 https://registry.npmjs.org/eslint-plugin-import/-/eslint-plugin-import-2.32.0.tgz 3886ms (cache miss)
1841 http fetch GET 200 https://registry.npmjs.org/@webassemblyjs/helper-wasm-section/-/helper-wasm-section-1.14.1.tgz 3856ms (cache miss)
1842 http fetch GET 200 https://registry.npmjs.org/@webassemblyjs/ieee754/-/ieee754-1.13.2.tgz 3890ms (cache miss)
1843 http fetch GET 200 https://registry.npmjs.org/@webassemblyjs/leb128/-/leb128-1.13.2.tgz 3919ms (cache miss)
1844 http fetch GET 200 https://registry.npmjs.org/@webassemblyjs/helper-numbers/-/helper-numbers-1.13.2.tgz 3923ms (cache miss)
1845 http fetch GET 200 https://registry.npmjs.org/axe-core/-/axe-core-4.11.4.tgz 3972ms (cache miss)
1846 http fetch GET 200 https://registry.npmjs.org/typescript/-/typescript-5.9.3.tgz 4098ms (cache miss)
1847 http fetch GET 200 https://registry.npmjs.org/@webassemblyjs/wasm-edit/-/wasm-edit-1.14.1.tgz 4030ms (cache miss)
1848 http fetch GET 200 https://registry.npmjs.org/acorn/-/acorn-8.16.0.tgz 4055ms (cache miss)
1849 http fetch GET 200 https://registry.npmjs.org/@webassemblyjs/ast/-/ast-1.14.1.tgz 4095ms (cache miss)
1850 http fetch GET 200 https://registry.npmjs.org/@webassemblyjs/floating-point-hex-parser/-/floating-point-hex-parser-1.13.2.tgz 4108ms (cache miss)
1851 http fetch GET 200 https://registry.npmjs.org/@webassemblyjs/helper-wasm-bytecode/-/helper-wasm-bytecode-1.13.2.tgz 4127ms (cache miss)
1852 http fetch GET 200 https://registry.npmjs.org/lightningcss-win32-x64-msvc/-/lightningcss-win32-x64-msvc-1.31.1.tgz 4211ms (cache miss)
1853 http fetch GET 200 https://registry.npmjs.org/@webassemblyjs/helper-buffer/-/helper-buffer-1.14.1.tgz 4193ms (cache miss)
1854 http fetch GET 200 https://registry.npmjs.org/@webassemblyjs/helper-api-error/-/helper-api-error-1.13.2.tgz 4261ms (cache miss)
1855 http fetch GET 200 https://registry.npmjs.org/axobject-query/-/axobject-query-4.1.0.tgz 4359ms (cache miss)
1856 http fetch GET 200 https://registry.npmjs.org/@vitejs/plugin-react/-/plugin-react-6.0.2.tgz 4368ms (cache miss)
1857 http fetch GET 200 https://registry.npmjs.org/eslint-plugin-jsx-a11y/-/eslint-plugin-jsx-a11y-6.10.2.tgz 4438ms (cache miss)
1858 http fetch GET 200 https://registry.npmjs.org/ajv/-/ajv-6.15.0.tgz 4414ms (cache miss)
1859 http fetch GET 200 https://registry.npmjs.org/drizzle-kit/-/drizzle-kit-0.31.10.tgz 4464ms (cache miss)
1860 http fetch GET 200 https://registry.npmjs.org/@typescript-eslint/visitor-keys/-/visitor-keys-8.59.3.tgz 4482ms (cache miss)
1861 http fetch GET 200 https://registry.npmjs.org/blake3-wasm/-/blake3-wasm-2.1.5.tgz 4520ms (cache miss)
1862 http fetch GET 200 https://registry.npmjs.org/@unpic/react/-/react-1.0.2.tgz 4526ms (cache miss)
1863 http fetch GET 200 https://registry.npmjs.org/@unpic/core/-/core-1.0.3.tgz 4542ms (cache miss)
1864 http fetch GET 200 https://registry.npmjs.org/unenv/-/unenv-2.0.0-rc.24.tgz 4664ms (cache miss)
1865 http fetch GET 200 https://registry.npmjs.org/unpic/-/unpic-4.2.2.tgz 4672ms (cache miss)
1866 http fetch GET 200 https://registry.npmjs.org/@typescript-eslint/types/-/types-8.59.3.tgz 4577ms (cache miss)
1867 http fetch GET 200 https://registry.npmjs.org/@typescript-eslint/project-service/-/project-service-8.59.3.tgz 4616ms (cache miss)
1868 http fetch GET 200 https://registry.npmjs.org/@typescript-eslint/tsconfig-utils/-/tsconfig-utils-8.59.3.tgz 4705ms (cache miss)
1869 http fetch GET 200 https://registry.npmjs.org/@types/react-dom/-/react-dom-19.2.3.tgz 4704ms (cache miss)
1870 http fetch GET 200 https://registry.npmjs.org/@typescript-eslint/utils/-/utils-8.59.3.tgz 4770ms (cache miss)
1871 http fetch GET 200 https://registry.npmjs.org/@types/json-schema/-/json-schema-7.0.15.tgz 4801ms (cache miss)
1872 http fetch GET 200 https://registry.npmjs.org/aria-query/-/aria-query-5.3.2.tgz 4827ms (cache miss)
1873 http fetch GET 200 https://registry.npmjs.org/@types/json5/-/json5-0.0.29.tgz 4829ms (cache miss)
1874 http fetch GET 200 https://registry.npmjs.org/@typescript-eslint/type-utils/-/type-utils-8.59.3.tgz 4843ms (cache miss)
1875 http fetch GET 200 https://registry.npmjs.org/@types/estree/-/estree-1.0.9.tgz 4900ms (cache miss)
1876 http fetch GET 200 https://registry.npmjs.org/@types/eslint-scope/-/eslint-scope-3.7.7.tgz 4902ms (cache miss)
1877 http fetch GET 200 https://registry.npmjs.org/@typescript-eslint/typescript-estree/-/typescript-estree-8.59.3.tgz 4960ms (cache miss)
1878 http fetch GET 200 https://registry.npmjs.org/@types/react/-/react-19.2.14.tgz 4977ms (cache miss)
1879 http fetch GET 200 https://registry.npmjs.org/@unrs/resolver-binding-win32-x64-msvc/-/resolver-binding-win32-x64-msvc-1.11.1.tgz 5018ms (cache miss)
1880 http fetch GET 200 https://registry.npmjs.org/@tailwindcss/postcss/-/postcss-4.2.1.tgz 5022ms (cache miss)
1881 http fetch GET 200 https://registry.npmjs.org/@vitejs/plugin-rsc/-/plugin-rsc-0.5.26.tgz 5067ms (cache miss)
1882 http fetch GET 200 https://registry.npmjs.org/@types/eslint/-/eslint-9.6.1.tgz 5075ms (cache miss)
1883 http fetch GET 200 https://registry.npmjs.org/@tailwindcss/oxide/-/oxide-4.2.1.tgz 5077ms (cache miss)
1884 http fetch GET 200 https://registry.npmjs.org/@typescript-eslint/parser/-/parser-8.59.3.tgz 5127ms (cache miss)
1885 http fetch GET 200 https://registry.npmjs.org/@sindresorhus/is/-/is-7.2.0.tgz 5134ms (cache miss)
1886 http fetch GET 200 https://registry.npmjs.org/eslint-plugin-react/-/eslint-plugin-react-7.37.5.tgz 5200ms (cache miss)
1887 http fetch GET 200 https://registry.npmjs.org/@tailwindcss/node/-/node-4.2.1.tgz 5251ms (cache miss)
1888 http fetch GET 200 https://registry.npmjs.org/eslint/-/eslint-9.39.4.tgz 5384ms (cache miss)
1889 http fetch GET 200 https://registry.npmjs.org/@rolldown/pluginutils/-/pluginutils-1.0.1.tgz 5367ms (cache miss)
1890 http fetch GET 200 https://registry.npmjs.org/@nolyfill/is-core-module/-/is-core-module-1.0.39.tgz 5468ms (cache miss)
1891 http fetch GET 200 https://registry.npmjs.org/@rtsao/scc/-/scc-1.1.0.tgz 5480ms (cache miss)
1892 http fetch GET 200 https://registry.npmjs.org/webpack/-/webpack-5.106.2.tgz 5722ms (cache miss)
1893 http fetch GET 200 https://registry.npmjs.org/vinext/-/vinext-0.0.50.tgz 5888ms (cache miss)
1894 http fetch GET 200 https://registry.npmjs.org/@types/node/-/node-22.19.19.tgz 5778ms (cache miss)
1895 http fetch GET 200 https://registry.npmjs.org/@resvg/resvg-wasm/-/resvg-wasm-2.4.0.tgz 5798ms (cache miss)
1896 http fetch GET 200 https://registry.npmjs.org/@poppinss/exception/-/exception-1.2.3.tgz 5871ms (cache miss)
1897 http fetch GET 200 https://registry.npmjs.org/@shuding/opentype.js/-/opentype.js-1.4.0-beta.0.tgz 5912ms (cache miss)
1898 http fetch GET 200 https://registry.npmjs.org/@poppinss/colors/-/colors-4.1.6.tgz 6010ms (cache miss)
1899 http fetch GET 200 https://registry.npmjs.org/zod/-/zod-4.4.3.tgz 6163ms (cache miss)
1900 http fetch GET 200 https://registry.npmjs.org/@typescript-eslint/scope-manager/-/scope-manager-8.59.3.tgz 6034ms (cache miss)
1901 http fetch GET 200 https://registry.npmjs.org/@poppinss/dumper/-/dumper-0.6.5.tgz 6069ms (cache miss)
1902 http fetch GET 200 https://registry.npmjs.org/@next/eslint-plugin-next/-/eslint-plugin-next-16.2.6.tgz 6072ms (cache miss)
1903 http fetch GET 200 https://registry.npmjs.org/@oxc-project/types/-/types-0.130.0.tgz 6085ms (cache miss)
1904 http fetch GET 200 https://registry.npmjs.org/@nodelib/fs.scandir/-/fs.scandir-2.1.5.tgz 6105ms (cache miss)
1905 http fetch GET 200 https://registry.npmjs.org/@next/env/-/env-16.2.6.tgz 6161ms (cache miss)
1906 http fetch GET 200 https://registry.npmjs.org/@jridgewell/trace-mapping/-/trace-mapping-0.3.31.tgz 6186ms (cache miss)
1907 http fetch GET 200 https://registry.npmjs.org/@swc/helpers/-/helpers-0.5.15.tgz 6198ms (cache miss)
1908 http fetch GET 200 https://registry.npmjs.org/@jridgewell/remapping/-/remapping-2.3.5.tgz 6242ms (cache miss)
1909 http fetch GET 200 https://registry.npmjs.org/@jridgewell/source-map/-/source-map-0.3.11.tgz 6245ms (cache miss)
1910 http fetch GET 200 https://registry.npmjs.org/@jridgewell/gen-mapping/-/gen-mapping-0.3.13.tgz 6270ms (cache miss)
1911 http fetch GET 200 https://registry.npmjs.org/@nodelib/fs.stat/-/fs.stat-2.0.5.tgz 6280ms (cache miss)
1912 http fetch GET 200 https://registry.npmjs.org/@speed-highlight/core/-/core-1.2.15.tgz 6285ms (cache miss)
1913 http fetch GET 200 https://registry.npmjs.org/@jridgewell/resolve-uri/-/resolve-uri-3.1.2.tgz 6286ms (cache miss)
1914 http fetch GET 200 https://registry.npmjs.org/@jridgewell/sourcemap-codec/-/sourcemap-codec-1.5.5.tgz 6352ms (cache miss)
1915 http fetch GET 200 https://registry.npmjs.org/@nodelib/fs.walk/-/fs.walk-1.2.8.tgz 6382ms (cache miss)
1916 http fetch GET 200 https://registry.npmjs.org/@humanfs/types/-/types-0.15.0.tgz 6412ms (cache miss)
1917 http fetch GET 200 https://registry.npmjs.org/@humanfs/core/-/core-0.19.2.tgz 6451ms (cache miss)
1918 http fetch GET 200 https://registry.npmjs.org/@typescript-eslint/eslint-plugin/-/eslint-plugin-8.59.3.tgz 6471ms (cache miss)
1919 http fetch GET 200 https://registry.npmjs.org/@humanfs/node/-/node-0.16.8.tgz 6501ms (cache miss)
1920 http fetch GET 200 https://registry.npmjs.org/caniuse-lite/-/caniuse-lite-1.0.30001793.tgz 6568ms (cache miss)
1921 http fetch GET 200 https://registry.npmjs.org/@img/colour/-/colour-1.1.0.tgz 6570ms (cache miss)
1922 http fetch GET 200 https://registry.npmjs.org/@vercel/og/-/og-0.8.6.tgz 6605ms (cache miss)
1923 http fetch GET 200 https://registry.npmjs.org/@humanwhocodes/module-importer/-/module-importer-1.0.1.tgz 6689ms (cache miss)
1924 http fetch GET 200 https://registry.npmjs.org/@humanwhocodes/retry/-/retry-0.4.3.tgz 6746ms (cache miss)
1925 http fetch GET 200 https://registry.npmjs.org/@eslint/object-schema/-/object-schema-2.1.7.tgz 6800ms (cache miss)
1926 http fetch GET 200 https://registry.npmjs.org/@eslint/plugin-kit/-/plugin-kit-0.4.1.tgz 6817ms (cache miss)
1927 http fetch GET 200 https://registry.npmjs.org/@eslint-community/regexpp/-/regexpp-4.12.2.tgz 6938ms (cache miss)
1928 http fetch GET 200 https://registry.npmjs.org/@eslint/js/-/js-9.39.4.tgz 6939ms (cache miss)
1929 http fetch GET 200 https://registry.npmjs.org/@eslint/core/-/core-0.17.0.tgz 7004ms (cache miss)
1930 http fetch GET 200 https://registry.npmjs.org/@cspotcode/source-map-support/-/source-map-support-0.8.1.tgz 7006ms (cache miss)
1931 http fetch GET 200 https://registry.npmjs.org/@svg-maps/world/-/world-1.0.1.tgz 7036ms (cache miss)
1932 http fetch GET 200 https://registry.npmjs.org/@tailwindcss/oxide-win32-x64-msvc/-/oxide-win32-x64-msvc-4.2.1.tgz 7079ms (cache miss)
1933 http fetch GET 200 https://registry.npmjs.org/@eslint/config-helpers/-/config-helpers-0.4.2.tgz 7105ms (cache miss)
1934 http fetch GET 200 https://registry.npmjs.org/@eslint/eslintrc/-/eslintrc-3.3.5.tgz 7246ms (cache miss)
1935 http fetch GET 200 https://registry.npmjs.org/@eslint/config-array/-/config-array-0.21.2.tgz 7270ms (cache miss)
1936 http fetch GET 200 https://registry.npmjs.org/@esbuild-kit/core-utils/-/core-utils-3.3.2.tgz 7378ms (cache miss)
1937 warn deprecated @esbuild-kit/core-utils@3.3.2: Merged into tsx: https://tsx.is
1938 http fetch GET 200 https://registry.npmjs.org/@esbuild-kit/esm-loader/-/esm-loader-2.6.5.tgz 7426ms (cache miss)
1939 warn deprecated @esbuild-kit/esm-loader@2.6.5: Merged into tsx: https://tsx.is
1940 http fetch GET 200 https://registry.npmjs.org/@eslint-community/eslint-utils/-/eslint-utils-4.9.1.tgz 7433ms (cache miss)
1941 http fetch GET 200 https://registry.npmjs.org/@cloudflare/unenv-preset/-/unenv-preset-2.16.1.tgz 7439ms (cache miss)
1942 http fetch GET 200 https://registry.npmjs.org/@drizzle-team/brocli/-/brocli-0.10.2.tgz 7488ms (cache miss)
1943 http fetch GET 200 https://registry.npmjs.org/@cloudflare/kv-asset-handler/-/kv-asset-handler-0.5.0.tgz 7507ms (cache miss)
1944 http fetch GET 200 https://registry.npmjs.org/@babel/template/-/template-7.28.6.tgz 7629ms (cache miss)
1945 http fetch GET 200 https://registry.npmjs.org/@babel/traverse/-/traverse-7.29.0.tgz 7678ms (cache miss)
1946 http fetch GET 200 https://registry.npmjs.org/@babel/helper-validator-identifier/-/helper-validator-identifier-7.28.5.tgz 7793ms (cache miss)
1947 http fetch GET 200 https://registry.npmjs.org/@babel/helper-module-transforms/-/helper-module-transforms-7.28.6.tgz 7884ms (cache miss)
1948 http fetch GET 200 https://registry.npmjs.org/@babel/helper-module-imports/-/helper-module-imports-7.28.6.tgz 7897ms (cache miss)
1949 http fetch GET 200 https://registry.npmjs.org/@babel/helper-string-parser/-/helper-string-parser-7.27.1.tgz 7992ms (cache miss)
1950 http fetch GET 200 https://registry.npmjs.org/@babel/helper-compilation-targets/-/helper-compilation-targets-7.28.6.tgz 8026ms (cache miss)
1951 http fetch GET 200 https://registry.npmjs.org/ansi-regex/-/ansi-regex-5.0.1.tgz 8032ms (cache miss)
1952 http fetch GET 200 https://registry.npmjs.org/ansi-regex/-/ansi-regex-5.0.1.tgz 8097ms (cache miss)
1953 http fetch GET 200 https://registry.npmjs.org/@babel/helper-globals/-/helper-globals-7.28.0.tgz 8102ms (cache miss)
1954 http fetch GET 200 https://registry.npmjs.org/ansi-regex/-/ansi-regex-5.0.1.tgz 8112ms (cache miss)
1955 http fetch GET 200 https://registry.npmjs.org/@babel/helper-validator-option/-/helper-validator-option-7.27.1.tgz 8121ms (cache miss)
1956 http fetch GET 200 https://registry.npmjs.org/@babel/types/-/types-7.29.0.tgz 8126ms (cache miss)
1957 http fetch GET 200 https://registry.npmjs.org/@babel/parser/-/parser-7.29.3.tgz 8138ms (cache miss)
1958 http fetch GET 200 https://registry.npmjs.org/strip-ansi/-/strip-ansi-6.0.1.tgz 8135ms (cache miss)
1959 http fetch GET 200 https://registry.npmjs.org/emoji-regex/-/emoji-regex-8.0.0.tgz 8136ms (cache miss)
1960 http fetch GET 200 https://registry.npmjs.org/ansi-styles/-/ansi-styles-6.2.3.tgz 8143ms (cache miss)
1961 http fetch GET 200 https://registry.npmjs.org/strip-ansi/-/strip-ansi-6.0.1.tgz 8148ms (cache miss)
1962 http fetch GET 200 https://registry.npmjs.org/emoji-regex/-/emoji-regex-8.0.0.tgz 8169ms (cache miss)
1963 http fetch GET 200 https://registry.npmjs.org/brace-expansion/-/brace-expansion-2.1.4.tgz 8173ms (cache miss)
1964 http fetch GET 200 https://registry.npmjs.org/@alloc/quick-lru/-/quick-lru-5.2.0.tgz 8243ms (cache miss)
1965 http fetch GET 200 https://registry.npmjs.org/@babel/compat-data/-/compat-data-7.29.3.tgz 8263ms (cache miss)
1966 http fetch GET 200 https://registry.npmjs.org/brace-expansion/-/brace-expansion-2.1.4.tgz 8260ms (cache miss)
1967 http fetch GET 200 https://registry.npmjs.org/lru-cache/-/lru-cache-10.4.3.tgz 8297ms (cache miss)
1968 http fetch GET 200 https://registry.npmjs.org/es-abstract/-/es-abstract-1.24.2.tgz 8384ms (cache miss)
1969 http fetch GET 200 https://registry.npmjs.org/string-width/-/string-width-4.2.3.tgz 8327ms (cache miss)
1970 http fetch GET 200 https://registry.npmjs.org/semver/-/semver-7.8.5.tgz 8374ms (cache miss)
1971 http fetch GET 200 https://registry.npmjs.org/commander/-/commander-10.0.1.tgz 8384ms (cache miss)
1972 http fetch GET 200 https://registry.npmjs.org/@babel/generator/-/generator-7.29.1.tgz 8415ms (cache miss)
1973 http fetch GET 200 https://registry.npmjs.org/@babel/code-frame/-/code-frame-7.29.0.tgz 8413ms (cache miss)
1974 http fetch GET 200 https://registry.npmjs.org/@babel/helpers/-/helpers-7.29.2.tgz 8421ms (cache miss)
1975 http fetch GET 200 https://registry.npmjs.org/fast-deep-equal/-/fast-deep-equal-2.0.1.tgz 8464ms (cache miss)
1976 http fetch GET 200 https://registry.npmjs.org/estraverse/-/estraverse-4.3.0.tgz 8475ms (cache miss)
1977 http fetch GET 200 https://registry.npmjs.org/glob-parent/-/glob-parent-5.1.2.tgz 8491ms (cache miss)
1978 http fetch GET 200 https://registry.npmjs.org/scheduler/-/scheduler-0.23.2.tgz 8500ms (cache miss)
1979 http fetch GET 200 https://registry.npmjs.org/eslint-scope/-/eslint-scope-5.1.1.tgz 8526ms (cache miss)
1980 http fetch GET 200 https://registry.npmjs.org/react/-/react-18.3.1.tgz 8539ms (cache miss)
1981 http fetch GET 200 https://registry.npmjs.org/minimatch/-/minimatch-9.0.9.tgz 8540ms (cache miss)
1982 http fetch GET 200 https://registry.npmjs.org/minimatch/-/minimatch-9.0.9.tgz 8585ms (cache miss)
1983 http fetch GET 200 https://registry.npmjs.org/@babel/core/-/core-7.29.0.tgz 8625ms (cache miss)
1984 http fetch GET 200 https://registry.npmjs.org/fast-glob/-/fast-glob-3.3.3.tgz 8621ms (cache miss)
1985 http fetch GET 200 https://registry.npmjs.org/picomatch/-/picomatch-4.0.4.tgz 8633ms (cache miss)
1986 http fetch GET 200 https://registry.npmjs.org/lightningcss/-/lightningcss-1.32.0.tgz 8635ms (cache miss)
1987 http fetch GET 200 https://registry.npmjs.org/picomatch/-/picomatch-4.0.4.tgz 8644ms (cache miss)
1988 http fetch GET 200 https://registry.npmjs.org/esbuild/-/esbuild-0.27.3.tgz 8650ms (cache miss)
1989 http fetch GET 200 https://registry.npmjs.org/es-module-lexer/-/es-module-lexer-1.7.0.tgz 8699ms (cache miss)
1990 http fetch GET 200 https://registry.npmjs.org/supports-color/-/supports-color-8.1.1.tgz 8718ms (cache miss)
1991 http fetch GET 200 https://registry.npmjs.org/fdir/-/fdir-6.5.0.tgz 8724ms (cache miss)
1992 http fetch GET 200 https://registry.npmjs.org/json5/-/json5-1.0.2.tgz 8731ms (cache miss)
1993 http fetch GET 200 https://registry.npmjs.org/js-tokens/-/js-tokens-9.0.1.tgz 8779ms (cache miss)
1994 http fetch GET 200 https://registry.npmjs.org/semver/-/semver-7.8.0.tgz 8784ms (cache miss)
1995 http fetch GET 200 https://registry.npmjs.org/@react-email/render/-/render-0.0.16.tgz 8854ms (cache miss)
1996 http fetch GET 200 https://registry.npmjs.org/@cloudflare/vite-plugin/-/vite-plugin-1.37.1.tgz 8894ms (cache miss)
1997 http fetch GET 200 https://registry.npmjs.org/miniflare/-/miniflare-4.20260515.0.tgz 9037ms (cache miss)
1998 http fetch GET 200 https://registry.npmjs.org/debug/-/debug-3.2.7.tgz 8918ms (cache miss)
1999 http fetch GET 200 https://registry.npmjs.org/json-schema-traverse/-/json-schema-traverse-1.0.0.tgz 8943ms (cache miss)
2000 http fetch GET 200 https://registry.npmjs.org/debug/-/debug-3.2.7.tgz 8951ms (cache miss)
2001 http fetch GET 200 https://registry.npmjs.org/esbuild/-/esbuild-0.25.12.tgz 8960ms (cache miss)
2002 http fetch GET 200 https://registry.npmjs.org/debug/-/debug-3.2.7.tgz 8967ms (cache miss)
2003 http fetch GET 200 https://registry.npmjs.org/semver/-/semver-7.8.0.tgz 8986ms (cache miss)
2004 http fetch GET 200 https://registry.npmjs.org/glob-parent/-/glob-parent-5.1.2.tgz 8990ms (cache miss)
2005 http fetch GET 200 https://registry.npmjs.org/globals/-/globals-16.4.0.tgz 8997ms (cache miss)
2006 http fetch GET 200 https://registry.npmjs.org/postcss/-/postcss-8.4.31.tgz 9039ms (cache miss)
2007 http fetch GET 200 https://registry.npmjs.org/ignore/-/ignore-7.0.5.tgz 9106ms (cache miss)
2008 http fetch GET 200 https://registry.npmjs.org/json-schema-traverse/-/json-schema-traverse-1.0.0.tgz 9146ms (cache miss)
2009 http fetch GET 200 https://registry.npmjs.org/eslint-visitor-keys/-/eslint-visitor-keys-3.4.3.tgz 9155ms (cache miss)
2010 http fetch GET 200 https://registry.npmjs.org/brace-expansion/-/brace-expansion-5.0.6.tgz 9157ms (cache miss)
2011 http fetch GET 200 https://registry.npmjs.org/ajv-keywords/-/ajv-keywords-5.1.0.tgz 9200ms (cache miss)
2012 http fetch GET 200 https://registry.npmjs.org/balanced-match/-/balanced-match-4.0.4.tgz 9220ms (cache miss)
2013 http fetch GET 200 https://registry.npmjs.org/minimatch/-/minimatch-10.2.5.tgz 9239ms (cache miss)
2014 http fetch GET 200 https://registry.npmjs.org/react-dom/-/react-dom-18.3.1.tgz 9276ms (cache miss)
2015 http fetch GET 200 https://registry.npmjs.org/esbuild/-/esbuild-0.18.20.tgz 9281ms (cache miss)
2016 http fetch GET 200 https://registry.npmjs.org/eslint-visitor-keys/-/eslint-visitor-keys-5.0.1.tgz 9301ms (cache miss)
2017 http fetch GET 200 https://registry.npmjs.org/supports-color/-/supports-color-10.2.2.tgz 9307ms (cache miss)
2018 http fetch GET 200 https://registry.npmjs.org/@jridgewell/trace-mapping/-/trace-mapping-0.3.9.tgz 9380ms (cache miss)
2019 http fetch GET 200 https://registry.npmjs.org/semver/-/semver-7.8.0.tgz 9455ms (cache miss)
2020 http fetch GET 200 https://registry.npmjs.org/@rolldown/pluginutils/-/pluginutils-1.0.0-rc.18.tgz 9462ms (cache miss)
2021 http fetch GET 200 https://registry.npmjs.org/ajv/-/ajv-8.20.0.tgz 9995ms (cache miss)
2022 http fetch GET 200 https://registry.npmjs.org/drizzle-orm/-/drizzle-orm-0.45.2.tgz 10154ms (cache miss)
2023 http fetch GET 200 https://registry.npmjs.org/ajv/-/ajv-8.20.0.tgz 10289ms (cache miss)
2024 http fetch GET 200 https://registry.npmjs.org/@rolldown/binding-win32-x64-msvc/-/binding-win32-x64-msvc-1.0.1.tgz 11451ms (cache miss)
2025 http fetch GET 200 https://registry.npmjs.org/@esbuild/win32-x64/-/win32-x64-0.25.12.tgz 11628ms (cache miss)
2026 http fetch GET 200 https://registry.npmjs.org/lightningcss-win32-x64-msvc/-/lightningcss-win32-x64-msvc-1.32.0.tgz 11654ms (cache miss)
2027 http fetch GET 200 https://registry.npmjs.org/@img/sharp-win32-x64/-/sharp-win32-x64-0.34.5.tgz 11706ms (cache miss)
2028 http fetch GET 200 https://registry.npmjs.org/@esbuild/win32-x64/-/win32-x64-0.28.0.tgz 12767ms (cache miss)
2029 http fetch GET 200 https://registry.npmjs.org/@esbuild/win32-x64/-/win32-x64-0.27.3.tgz 12858ms (cache miss)
2030 http fetch GET 200 https://registry.npmjs.org/@esbuild/win32-x64/-/win32-x64-0.18.20.tgz 13487ms (cache miss)
2031 http fetch GET 200 https://registry.npmjs.org/@next/swc-win32-x64-msvc/-/swc-win32-x64-msvc-16.2.6.tgz 16318ms (cache miss)
2032 http fetch GET 200 https://registry.npmjs.org/@cloudflare/workerd-windows-64/-/workerd-windows-64-1.20260515.1.tgz 17863ms (cache miss)
2033 http fetch GET 200 https://registry.npmjs.org/next/-/next-16.2.6.tgz 28880ms (cache miss)
2034 info run sharp@0.34.5 install node_modules/sharp node install/check.js || npm run build
2035 info run sharp@0.34.5 install { code: 0, signal: null }
2036 info run esbuild@0.28.0 postinstall node_modules/esbuild node install.js
2037 info run unrs-resolver@1.11.1 postinstall node_modules/unrs-resolver napi-postinstall unrs-resolver 1.11.1 check
2038 info run workerd@1.20260515.1 postinstall node_modules/workerd node install.js
2039 info run esbuild@0.18.20 postinstall node_modules/@esbuild-kit/core-utils/node_modules/esbuild node install.js
2040 info run esbuild@0.25.12 postinstall node_modules/drizzle-kit/node_modules/esbuild node install.js
2041 info run esbuild@0.27.3 postinstall node_modules/wrangler/node_modules/esbuild node install.js
2042 info run esbuild@0.28.0 postinstall { code: 0, signal: null }
2043 info run esbuild@0.27.3 postinstall { code: 0, signal: null }
2044 info run unrs-resolver@1.11.1 postinstall { code: 0, signal: null }
2045 info run esbuild@0.25.12 postinstall { code: 0, signal: null }
2046 info run esbuild@0.18.20 postinstall { code: 0, signal: null }
2047 info run workerd@1.20260515.1 postinstall { code: 0, signal: null }
2048 silly ADD node_modules/ansi-regex
2049 silly ADD node_modules/is-fullwidth-code-point
2050 silly ADD node_modules/eastasianwidth
2051 silly ADD node_modules/peberminta
2052 silly ADD node_modules/leac
2053 silly ADD node_modules/parseley
2054 silly ADD node_modules/abbrev
2055 silly ADD node_modules/wrap-ansi-cjs
2056 silly ADD node_modules/wrap-ansi-cjs/node_modules/ansi-regex
2057 silly ADD node_modules/wrap-ansi-cjs/node_modules/emoji-regex
2058 silly ADD node_modules/wrap-ansi-cjs/node_modules/strip-ansi
2059 silly ADD node_modules/wrap-ansi-cjs/node_modules/string-width
2060 silly ADD node_modules/wrap-ansi
2061 silly ADD node_modules/wrap-ansi/node_modules/ansi-styles
2062 silly ADD node_modules/strip-ansi-cjs
2063 silly ADD node_modules/strip-ansi-cjs/node_modules/ansi-regex
2064 silly ADD node_modules/strip-ansi
2065 silly ADD node_modules/string-width-cjs
2066 silly ADD node_modules/string-width-cjs/node_modules/ansi-regex
2067 silly ADD node_modules/string-width-cjs/node_modules/strip-ansi
2068 silly ADD node_modules/string-width-cjs/node_modules/emoji-regex
2069 silly ADD node_modules/string-width
2070 silly ADD node_modules/@pkgjs/parseargs
2071 silly ADD node_modules/@isaacs/cliui
2072 silly ADD node_modules/signal-exit
2073 silly ADD node_modules/path-scurry
2074 silly ADD node_modules/path-scurry/node_modules/lru-cache
2075 silly ADD node_modules/package-json-from-dist
2076 silly ADD node_modules/minipass
2077 silly ADD node_modules/jackspeak
2078 silly ADD node_modules/foreground-child
2079 silly ADD node_modules/@one-ini/wasm
2080 silly ADD node_modules/proto-list
2081 silly ADD node_modules/ini
2082 silly ADD node_modules/nopt
2083 silly ADD node_modules/js-cookie
2084 silly ADD node_modules/glob
2085 silly ADD node_modules/glob/node_modules/brace-expansion
2086 silly ADD node_modules/glob/node_modules/minimatch
2087 silly ADD node_modules/editorconfig
2088 silly ADD node_modules/editorconfig/node_modules/brace-expansion
2089 silly ADD node_modules/editorconfig/node_modules/semver
2090 silly ADD node_modules/editorconfig/node_modules/minimatch
2091 silly ADD node_modules/editorconfig/node_modules/commander
2092 silly ADD node_modules/config-chain
2093 silly ADD node_modules/domutils
2094 silly ADD node_modules/entities
2095 silly ADD node_modules/domelementtype
2096 silly ADD node_modules/domhandler
2097 silly ADD node_modules/selderee
2098 silly ADD node_modules/htmlparser2
2099 silly ADD node_modules/dom-serializer
2100 silly ADD node_modules/deepmerge
2101 silly ADD node_modules/@selderee/plugin-htmlparser2
2102 silly ADD node_modules/react-promise-suspense
2103 silly ADD node_modules/react-promise-suspense/node_modules/fast-deep-equal
2104 silly ADD node_modules/js-beautify
2105 silly ADD node_modules/html-to-text
2106 silly ADD node_modules/resend
2107 silly ADD node_modules/resend/node_modules/scheduler
2108 silly ADD node_modules/resend/node_modules/react-dom
2109 silly ADD node_modules/resend/node_modules/react
2110 silly ADD node_modules/resend/node_modules/@react-email/render
2111 silly ADD node_modules/zod-validation-error
2112 silly ADD node_modules/zod
2113 silly ADD node_modules/youch-core
2114 silly ADD node_modules/youch
2115 silly ADD node_modules/yoga-layout
2116 silly ADD node_modules/yocto-queue
2117 silly ADD node_modules/yallist
2118 silly ADD node_modules/ws
2119 silly ADD node_modules/wrangler
2120 silly ADD node_modules/wrangler/node_modules/esbuild
2121 silly ADD node_modules/wrangler/node_modules/@esbuild/win32-x64
2122 silly ADD node_modules/workerd
2123 silly ADD node_modules/word-wrap
2124 silly ADD node_modules/which-typed-array
2125 silly ADD node_modules/which-collection
2126 silly ADD node_modules/which-builtin-type
2127 silly ADD node_modules/which-boxed-primitive
2128 silly ADD node_modules/which
2129 silly ADD node_modules/webpack-sources
2130 silly ADD node_modules/webpack
2131 silly ADD node_modules/webpack/node_modules/estraverse
2132 silly ADD node_modules/webpack/node_modules/eslint-scope
2133 silly ADD node_modules/web-vitals
2134 silly ADD node_modules/watchpack
2135 silly ADD node_modules/vitefu
2136 silly ADD node_modules/vite-tsconfig-paths
2137 silly ADD node_modules/vite-plugin-dynamic-import
2138 silly ADD node_modules/vite-plugin-dynamic-import/node_modules/glob-parent
2139 silly ADD node_modules/vite-plugin-dynamic-import/node_modules/fast-glob
2140 silly ADD node_modules/vite-plugin-dynamic-import/node_modules/es-module-lexer
2141 silly ADD node_modules/vite-plugin-commonjs
2142 silly ADD node_modules/vite
2143 silly ADD node_modules/vite/node_modules/picomatch
2144 silly ADD node_modules/vite/node_modules/lightningcss-win32-x64-msvc
2145 silly ADD node_modules/vite/node_modules/lightningcss
2146 silly ADD node_modules/vinext
2147 silly ADD node_modules/uri-js
2148 silly ADD node_modules/update-browserslist-db
2149 silly ADD node_modules/unrs-resolver
2150 silly ADD node_modules/unpic
2151 silly ADD node_modules/unicode-trie
2152 silly ADD node_modules/unenv
2153 silly ADD node_modules/undici-types
2154 silly ADD node_modules/undici
2155 silly ADD node_modules/unbox-primitive
2156 silly ADD node_modules/typescript-eslint
2157 silly ADD node_modules/typescript
2158 silly ADD node_modules/typed-array-length
2159 silly ADD node_modules/typed-array-byte-offset
2160 silly ADD node_modules/typed-array-byte-length
2161 silly ADD node_modules/typed-array-buffer
2162 silly ADD node_modules/type-check
2163 silly ADD node_modules/turbo-stream
2164 silly ADD node_modules/tsx
2165 silly ADD node_modules/tslib
2166 silly ADD node_modules/tsconfig-paths
2167 silly ADD node_modules/tsconfig-paths/node_modules/json5
2168 silly ADD node_modules/tsconfck
2169 silly ADD node_modules/ts-api-utils
2170 silly ADD node_modules/to-regex-range
2171 silly ADD node_modules/tinyglobby
2172 silly ADD node_modules/tinyglobby/node_modules/picomatch
2173 silly ADD node_modules/tinyglobby/node_modules/fdir
2174 silly ADD node_modules/tiny-inflate
2175 silly ADD node_modules/terser-webpack-plugin
2176 silly ADD node_modules/terser
2177 silly ADD node_modules/tapable
2178 silly ADD node_modules/tailwindcss
2179 silly ADD node_modules/supports-preserve-symlinks-flag
2180 silly ADD node_modules/supports-color
2181 silly ADD node_modules/styled-jsx
2182 silly ADD node_modules/strip-literal
2183 silly ADD node_modules/strip-literal/node_modules/js-tokens
2184 silly ADD node_modules/strip-json-comments
2185 silly ADD node_modules/strip-bom
2186 silly ADD node_modules/string.prototype.trimstart
2187 silly ADD node_modules/string.prototype.trimend
2188 silly ADD node_modules/string.prototype.trim
2189 silly ADD node_modules/string.prototype.repeat
2190 silly ADD node_modules/string.prototype.matchall
2191 silly ADD node_modules/string.prototype.includes
2192 silly ADD node_modules/string.prototype.codepointat
2193 silly ADD node_modules/stop-iteration-iterator
2194 silly ADD node_modules/stable-hash
2195 silly ADD node_modules/srvx
2196 silly ADD node_modules/source-map-support
2197 silly ADD node_modules/source-map-js
2198 silly ADD node_modules/source-map
2199 silly ADD node_modules/side-channel-weakmap
2200 silly ADD node_modules/side-channel-map
2201 silly ADD node_modules/side-channel-list
2202 silly ADD node_modules/side-channel
2203 silly ADD node_modules/shebang-regex
2204 silly ADD node_modules/shebang-command
2205 silly ADD node_modules/sharp
2206 silly ADD node_modules/sharp/node_modules/semver
2207 silly ADD node_modules/set-proto
2208 silly ADD node_modules/set-function-name
2209 silly ADD node_modules/set-function-length
2210 silly ADD node_modules/semver
2211 silly ADD node_modules/schema-utils
2212 silly ADD node_modules/schema-utils/node_modules/json-schema-traverse
2213 silly ADD node_modules/schema-utils/node_modules/ajv-keywords
2214 silly ADD node_modules/schema-utils/node_modules/ajv
2215 silly ADD node_modules/scheduler
2216 silly ADD node_modules/satori
2217 silly ADD node_modules/safe-regex-test
2218 silly ADD node_modules/safe-push-apply
2219 silly ADD node_modules/safe-array-concat
2220 silly ADD node_modules/run-parallel
2221 silly ADD node_modules/rolldown
2222 silly ADD node_modules/reusify
2223 silly ADD node_modules/resolve-pkg-maps
2224 silly ADD node_modules/resolve-from
2225 silly ADD node_modules/resolve
2226 silly ADD node_modules/require-from-string
2227 silly ADD node_modules/regexp.prototype.flags
2228 silly ADD node_modules/reflect.getprototypeof
2229 silly ADD node_modules/react-server-dom-webpack
2230 silly ADD node_modules/react-is
2231 silly ADD node_modules/react-dom
2232 silly ADD node_modules/react
2233 silly ADD node_modules/queue-microtask
2234 silly ADD node_modules/punycode
2235 silly ADD node_modules/prop-types
2236 silly ADD node_modules/prelude-ls
2237 silly ADD node_modules/postcss-value-parser
2238 silly ADD node_modules/postcss
2239 silly ADD node_modules/possible-typed-array-names
2240 silly ADD node_modules/picomatch
2241 silly ADD node_modules/picocolors
2242 silly ADD node_modules/pathe
2243 silly ADD node_modules/path-to-regexp
2244 silly ADD node_modules/path-parse
2245 silly ADD node_modules/path-key
2246 silly ADD node_modules/path-exists
2247 silly ADD node_modules/parse-css-color
2248 silly ADD node_modules/parent-module
2249 silly ADD node_modules/pako
2250 silly ADD node_modules/p-locate
2251 silly ADD node_modules/p-limit
2252 silly ADD node_modules/own-keys
2253 silly ADD node_modules/optionator
2254 silly ADD node_modules/object.values
2255 silly ADD node_modules/object.groupby
2256 silly ADD node_modules/object.fromentries
2257 silly ADD node_modules/object.entries
2258 silly ADD node_modules/object.assign
2259 silly ADD node_modules/object-keys
2260 silly ADD node_modules/object-inspect
2261 silly ADD node_modules/object-assign
2262 silly ADD node_modules/node-releases
2263 silly ADD node_modules/node-exports-info
2264 silly ADD node_modules/next
2265 silly ADD node_modules/next/node_modules/postcss
2266 silly ADD node_modules/neo-async
2267 silly ADD node_modules/natural-compare
2268 silly ADD node_modules/napi-postinstall
2269 silly ADD node_modules/nanoid
2270 silly ADD node_modules/ms
2271 silly ADD node_modules/minimist
2272 silly ADD node_modules/minimatch
2273 silly ADD node_modules/miniflare
2274 silly ADD node_modules/mime-db
2275 silly ADD node_modules/micromatch
2276 silly ADD node_modules/merge2
2277 silly ADD node_modules/merge-stream
2278 silly ADD node_modules/math-intrinsics
2279 silly ADD node_modules/magic-string
2280 silly ADD node_modules/lru-cache
2281 silly ADD node_modules/loose-envify
2282 silly ADD node_modules/lodash.merge
2283 silly ADD node_modules/locate-path
2284 silly ADD node_modules/loader-runner
2285 silly ADD node_modules/linebreak
2286 silly ADD node_modules/lightningcss-win32-x64-msvc
2287 silly ADD node_modules/lightningcss
2288 silly ADD node_modules/levn
2289 silly ADD node_modules/language-tags
2290 silly ADD node_modules/language-subtag-registry
2291 silly ADD node_modules/kleur
2292 silly ADD node_modules/keyv
2293 silly ADD node_modules/jsx-ast-utils
2294 silly ADD node_modules/json5
2295 silly ADD node_modules/json-stable-stringify-without-jsonify
2296 silly ADD node_modules/json-schema-traverse
2297 silly ADD node_modules/json-buffer
2298 silly ADD node_modules/jsesc
2299 silly ADD node_modules/js-yaml
2300 silly ADD node_modules/js-tokens
2301 silly ADD node_modules/jiti
2302 silly ADD node_modules/jest-worker
2303 silly ADD node_modules/jest-worker/node_modules/supports-color
2304 silly ADD node_modules/iterator.prototype
2305 silly ADD node_modules/isexe
2306 silly ADD node_modules/isarray
2307 silly ADD node_modules/is-weakset
2308 silly ADD node_modules/is-weakref
2309 silly ADD node_modules/is-weakmap
2310 silly ADD node_modules/is-typed-array
2311 silly ADD node_modules/is-symbol
2312 silly ADD node_modules/is-string
2313 silly ADD node_modules/is-shared-array-buffer
2314 silly ADD node_modules/is-set
2315 silly ADD node_modules/is-regex
2316 silly ADD node_modules/is-number-object
2317 silly ADD node_modules/is-number
2318 silly ADD node_modules/is-negative-zero
2319 silly ADD node_modules/is-map
2320 silly ADD node_modules/is-glob
2321 silly ADD node_modules/is-generator-function
2322 silly ADD node_modules/is-finalizationregistry
2323 silly ADD node_modules/is-extglob
2324 silly ADD node_modules/is-date-object
2325 silly ADD node_modules/is-data-view
2326 silly ADD node_modules/is-core-module
2327 silly ADD node_modules/is-callable
2328 silly ADD node_modules/is-bun-module
2329 silly ADD node_modules/is-bun-module/node_modules/semver
2330 silly ADD node_modules/is-boolean-object
2331 silly ADD node_modules/is-bigint
2332 silly ADD node_modules/is-async-function
2333 silly ADD node_modules/is-array-buffer
2334 silly ADD node_modules/ipaddr.js
2335 silly ADD node_modules/internal-slot
2336 silly ADD node_modules/imurmurhash
2337 silly ADD node_modules/import-fresh
2338 silly ADD node_modules/image-size
2339 silly ADD node_modules/ignore
2340 silly ADD node_modules/hex-rgb
2341 silly ADD node_modules/hermes-parser
2342 silly ADD node_modules/hermes-estree
2343 silly ADD node_modules/hasown
2344 silly ADD node_modules/has-tostringtag
2345 silly ADD node_modules/has-symbols
2346 silly ADD node_modules/has-proto
2347 silly ADD node_modules/has-property-descriptors
2348 silly ADD node_modules/has-flag
2349 silly ADD node_modules/has-bigints
2350 silly ADD node_modules/graceful-fs
2351 silly ADD node_modules/gopd
2352 silly ADD node_modules/globrex
2353 silly ADD node_modules/globalthis
2354 silly ADD node_modules/globals
2355 silly ADD node_modules/glob-to-regexp
2356 silly ADD node_modules/glob-parent
2357 silly ADD node_modules/get-tsconfig
2358 silly ADD node_modules/get-symbol-description
2359 silly ADD node_modules/get-proto
2360 silly ADD node_modules/get-intrinsic
2361 silly ADD node_modules/gensync
2362 silly ADD node_modules/generator-function
2363 silly ADD node_modules/functions-have-names
2364 silly ADD node_modules/function.prototype.name
2365 silly ADD node_modules/function-bind
2366 silly ADD node_modules/for-each
2367 silly ADD node_modules/flatted
2368 silly ADD node_modules/flat-cache
2369 silly ADD node_modules/find-up
2370 silly ADD node_modules/fill-range
2371 silly ADD node_modules/file-entry-cache
2372 silly ADD node_modules/fflate
2373 silly ADD node_modules/fastq
2374 silly ADD node_modules/fast-uri
2375 silly ADD node_modules/fast-levenshtein
2376 silly ADD node_modules/fast-json-stable-stringify
2377 silly ADD node_modules/fast-glob
2378 silly ADD node_modules/fast-glob/node_modules/glob-parent
2379 silly ADD node_modules/fast-deep-equal
2380 silly ADD node_modules/events
2381 silly ADD node_modules/esutils
2382 silly ADD node_modules/estree-walker
2383 silly ADD node_modules/estraverse
2384 silly ADD node_modules/esrecurse
2385 silly ADD node_modules/esquery
2386 silly ADD node_modules/espree
2387 silly ADD node_modules/eslint-visitor-keys
2388 silly ADD node_modules/eslint-scope
2389 silly ADD node_modules/eslint-plugin-react-hooks
2390 silly ADD node_modules/eslint-plugin-react
2391 silly ADD node_modules/eslint-plugin-jsx-a11y
2392 silly ADD node_modules/eslint-plugin-import
2393 silly ADD node_modules/eslint-plugin-import/node_modules/debug
2394 silly ADD node_modules/eslint-module-utils
2395 silly ADD node_modules/eslint-module-utils/node_modules/debug
2396 silly ADD node_modules/eslint-import-resolver-typescript
2397 silly ADD node_modules/eslint-import-resolver-node
2398 silly ADD node_modules/eslint-import-resolver-node/node_modules/debug
2399 silly ADD node_modules/eslint-config-next
2400 silly ADD node_modules/eslint-config-next/node_modules/globals
2401 silly ADD node_modules/eslint
2402 silly ADD node_modules/escape-string-regexp
2403 silly ADD node_modules/escape-html
2404 silly ADD node_modules/escalade
2405 silly ADD node_modules/esbuild
2406 silly ADD node_modules/es-to-primitive
2407 silly ADD node_modules/es-shim-unscopables
2408 silly ADD node_modules/es-set-tostringtag
2409 silly ADD node_modules/es-object-atoms
2410 silly ADD node_modules/es-module-lexer
2411 silly ADD node_modules/es-iterator-helpers
2412 silly ADD node_modules/es-errors
2413 silly ADD node_modules/es-define-property
2414 silly ADD node_modules/es-abstract
2415 silly ADD node_modules/error-stack-parser-es
2416 silly ADD node_modules/enhanced-resolve
2417 silly ADD node_modules/emoji-regex-xs
2418 silly ADD node_modules/emoji-regex
2419 silly ADD node_modules/electron-to-chromium
2420 silly ADD node_modules/dunder-proto
2421 silly ADD node_modules/drizzle-orm
2422 silly ADD node_modules/drizzle-kit
2423 silly ADD node_modules/drizzle-kit/node_modules/esbuild
2424 silly ADD node_modules/drizzle-kit/node_modules/@esbuild/win32-x64
2425 silly ADD node_modules/doctrine
2426 silly ADD node_modules/detect-libc
2427 silly ADD node_modules/define-properties
2428 silly ADD node_modules/define-data-property
2429 silly ADD node_modules/deep-is
2430 silly ADD node_modules/debug
2431 silly ADD node_modules/data-view-byte-offset
2432 silly ADD node_modules/data-view-byte-length
2433 silly ADD node_modules/data-view-buffer
2434 silly ADD node_modules/damerau-levenshtein
2435 silly ADD node_modules/csstype
2436 silly ADD node_modules/css-to-react-native
2437 silly ADD node_modules/css-gradient-parser
2438 silly ADD node_modules/css-color-keywords
2439 silly ADD node_modules/css-box-shadow
2440 silly ADD node_modules/css-background-parser
2441 silly ADD node_modules/cross-spawn
2442 silly ADD node_modules/cookie
2443 silly ADD node_modules/convert-source-map
2444 silly ADD node_modules/concat-map
2445 silly ADD node_modules/commander
2446 silly ADD node_modules/color-name
2447 silly ADD node_modules/color-convert
2448 silly ADD node_modules/client-only
2449 silly ADD node_modules/chrome-trace-event
2450 silly ADD node_modules/chalk
2451 silly ADD node_modules/caniuse-lite
2452 silly ADD node_modules/camelize
2453 silly ADD node_modules/callsites
2454 silly ADD node_modules/call-bound
2455 silly ADD node_modules/call-bind-apply-helpers
2456 silly ADD node_modules/call-bind
2457 silly ADD node_modules/buffer-from
2458 silly ADD node_modules/browserslist
2459 silly ADD node_modules/braces
2460 silly ADD node_modules/brace-expansion
2461 silly ADD node_modules/blake3-wasm
2462 silly ADD node_modules/baseline-browser-mapping
2463 silly ADD node_modules/base64-js
2464 silly ADD node_modules/balanced-match
2465 silly ADD node_modules/axobject-query
2466 silly ADD node_modules/axe-core
2467 silly ADD node_modules/available-typed-arrays
2468 silly ADD node_modules/async-function
2469 silly ADD node_modules/ast-types-flow
2470 silly ADD node_modules/arraybuffer.prototype.slice
2471 silly ADD node_modules/array.prototype.tosorted
2472 silly ADD node_modules/array.prototype.flatmap
2473 silly ADD node_modules/array.prototype.flat
2474 silly ADD node_modules/array.prototype.findlastindex
2475 silly ADD node_modules/array.prototype.findlast
2476 silly ADD node_modules/array-includes
2477 silly ADD node_modules/array-buffer-byte-length
2478 silly ADD node_modules/aria-query
2479 silly ADD node_modules/argparse
2480 silly ADD node_modules/ansi-styles
2481 silly ADD node_modules/ajv-formats
2482 silly ADD node_modules/ajv-formats/node_modules/json-schema-traverse
2483 silly ADD node_modules/ajv-formats/node_modules/ajv
2484 silly ADD node_modules/ajv
2485 silly ADD node_modules/acorn-loose
2486 silly ADD node_modules/acorn-jsx
2487 silly ADD node_modules/acorn-import-phases
2488 silly ADD node_modules/acorn
2489 silly ADD node_modules/@xtuc/long
2490 silly ADD node_modules/@xtuc/ieee754
2491 silly ADD node_modules/@webassemblyjs/wast-printer
2492 silly ADD node_modules/@webassemblyjs/wasm-parser
2493 silly ADD node_modules/@webassemblyjs/wasm-opt
2494 silly ADD node_modules/@webassemblyjs/wasm-gen
2495 silly ADD node_modules/@webassemblyjs/wasm-edit
2496 silly ADD node_modules/@webassemblyjs/utf8
2497 silly ADD node_modules/@webassemblyjs/leb128
2498 silly ADD node_modules/@webassemblyjs/ieee754
2499 silly ADD node_modules/@webassemblyjs/helper-wasm-section
2500 silly ADD node_modules/@webassemblyjs/helper-wasm-bytecode
2501 silly ADD node_modules/@webassemblyjs/helper-numbers
2502 silly ADD node_modules/@webassemblyjs/helper-buffer
2503 silly ADD node_modules/@webassemblyjs/helper-api-error
2504 silly ADD node_modules/@webassemblyjs/floating-point-hex-parser
2505 silly ADD node_modules/@webassemblyjs/ast
2506 silly ADD node_modules/@vitejs/plugin-rsc
2507 silly ADD node_modules/@vitejs/plugin-rsc/node_modules/@rolldown/pluginutils
2508 silly ADD node_modules/@vitejs/plugin-react
2509 silly ADD node_modules/@vercel/og
2510 silly ADD node_modules/@unrs/resolver-binding-win32-x64-msvc
2511 silly ADD node_modules/@unpic/react
2512 silly ADD node_modules/@unpic/core
2513 silly ADD node_modules/@typescript-eslint/visitor-keys
2514 silly ADD node_modules/@typescript-eslint/visitor-keys/node_modules/eslint-visitor-keys
2515 silly ADD node_modules/@typescript-eslint/utils
2516 silly ADD node_modules/@typescript-eslint/typescript-estree
2517 silly ADD node_modules/@typescript-eslint/typescript-estree/node_modules/semver
2518 silly ADD node_modules/@typescript-eslint/typescript-estree/node_modules/minimatch
2519 silly ADD node_modules/@typescript-eslint/typescript-estree/node_modules/brace-expansion
2520 silly ADD node_modules/@typescript-eslint/typescript-estree/node_modules/balanced-match
2521 silly ADD node_modules/@typescript-eslint/types
2522 silly ADD node_modules/@typescript-eslint/type-utils
2523 silly ADD node_modules/@typescript-eslint/tsconfig-utils
2524 silly ADD node_modules/@typescript-eslint/scope-manager
2525 silly ADD node_modules/@typescript-eslint/project-service
2526 silly ADD node_modules/@typescript-eslint/parser
2527 silly ADD node_modules/@typescript-eslint/eslint-plugin
2528 silly ADD node_modules/@typescript-eslint/eslint-plugin/node_modules/ignore
2529 silly ADD node_modules/@types/react-dom
2530 silly ADD node_modules/@types/react
2531 silly ADD node_modules/@types/node
2532 silly ADD node_modules/@types/json5
2533 silly ADD node_modules/@types/json-schema
2534 silly ADD node_modules/@types/estree
2535 silly ADD node_modules/@types/eslint-scope
2536 silly ADD node_modules/@types/eslint
2537 silly ADD node_modules/@tailwindcss/postcss
2538 silly ADD node_modules/@tailwindcss/oxide-win32-x64-msvc
2539 silly ADD node_modules/@tailwindcss/oxide
2540 silly ADD node_modules/@tailwindcss/node
2541 silly ADD node_modules/@swc/helpers
2542 silly ADD node_modules/@svg-maps/world
2543 silly ADD node_modules/@speed-highlight/core
2544 silly ADD node_modules/@sindresorhus/is
2545 silly ADD node_modules/@shuding/opentype.js
2546 silly ADD node_modules/@rtsao/scc
2547 silly ADD node_modules/@rolldown/pluginutils
2548 silly ADD node_modules/@rolldown/binding-win32-x64-msvc
2549 silly ADD node_modules/@resvg/resvg-wasm
2550 silly ADD node_modules/@poppinss/exception
2551 silly ADD node_modules/@poppinss/dumper
2552 silly ADD node_modules/@poppinss/dumper/node_modules/supports-color
2553 silly ADD node_modules/@poppinss/colors
2554 silly ADD node_modules/@oxc-project/types
2555 silly ADD node_modules/@nolyfill/is-core-module
2556 silly ADD node_modules/@nodelib/fs.walk
2557 silly ADD node_modules/@nodelib/fs.stat
2558 silly ADD node_modules/@nodelib/fs.scandir
2559 silly ADD node_modules/@next/swc-win32-x64-msvc
2560 silly ADD node_modules/@next/eslint-plugin-next
2561 silly ADD node_modules/@next/env
2562 silly ADD node_modules/@jridgewell/trace-mapping
2563 silly ADD node_modules/@jridgewell/sourcemap-codec
2564 silly ADD node_modules/@jridgewell/source-map
2565 silly ADD node_modules/@jridgewell/resolve-uri
2566 silly ADD node_modules/@jridgewell/remapping
2567 silly ADD node_modules/@jridgewell/gen-mapping
2568 silly ADD node_modules/@img/sharp-win32-x64
2569 silly ADD node_modules/@img/colour
2570 silly ADD node_modules/@humanwhocodes/retry
2571 silly ADD node_modules/@humanwhocodes/module-importer
2572 silly ADD node_modules/@humanfs/types
2573 silly ADD node_modules/@humanfs/node
2574 silly ADD node_modules/@humanfs/core
2575 silly ADD node_modules/@eslint/plugin-kit
2576 silly ADD node_modules/@eslint/object-schema
2577 silly ADD node_modules/@eslint/js
2578 silly ADD node_modules/@eslint/eslintrc
2579 silly ADD node_modules/@eslint/core
2580 silly ADD node_modules/@eslint/config-helpers
2581 silly ADD node_modules/@eslint/config-array
2582 silly ADD node_modules/@eslint-community/regexpp
2583 silly ADD node_modules/@eslint-community/eslint-utils
2584 silly ADD node_modules/@eslint-community/eslint-utils/node_modules/eslint-visitor-keys
2585 silly ADD node_modules/@esbuild/win32-x64
2586 silly ADD node_modules/@esbuild-kit/esm-loader
2587 silly ADD node_modules/@esbuild-kit/core-utils
2588 silly ADD node_modules/@esbuild-kit/core-utils/node_modules/esbuild
2589 silly ADD node_modules/@esbuild-kit/core-utils/node_modules/@esbuild/win32-x64
2590 silly ADD node_modules/@drizzle-team/brocli
2591 silly ADD node_modules/@cspotcode/source-map-support
2592 silly ADD node_modules/@cspotcode/source-map-support/node_modules/@jridgewell/trace-mapping
2593 silly ADD node_modules/@cloudflare/workerd-windows-64
2594 silly ADD node_modules/@cloudflare/vite-plugin
2595 silly ADD node_modules/@cloudflare/unenv-preset
2596 silly ADD node_modules/@cloudflare/kv-asset-handler
2597 silly ADD node_modules/@babel/types
2598 silly ADD node_modules/@babel/traverse
2599 silly ADD node_modules/@babel/template
2600 silly ADD node_modules/@babel/parser
2601 silly ADD node_modules/@babel/helpers
2602 silly ADD node_modules/@babel/helper-validator-option
2603 silly ADD node_modules/@babel/helper-validator-identifier
2604 silly ADD node_modules/@babel/helper-string-parser
2605 silly ADD node_modules/@babel/helper-module-transforms
2606 silly ADD node_modules/@babel/helper-module-imports
2607 silly ADD node_modules/@babel/helper-globals
2608 silly ADD node_modules/@babel/helper-compilation-targets
2609 silly ADD node_modules/@babel/generator
2610 silly ADD node_modules/@babel/core
2611 silly ADD node_modules/@babel/compat-data
2612 silly ADD node_modules/@babel/code-frame
2613 silly ADD node_modules/@alloc/quick-lru
2614 warn install-scripts 7 packages have install scripts not yet covered by allowScripts:
2614 warn install-scripts   esbuild@0.18.20 (postinstall: node install.js)
2614 warn install-scripts   esbuild@0.25.12 (postinstall: node install.js)
2614 warn install-scripts   esbuild@0.28.0 (postinstall: node install.js)
2614 warn install-scripts   sharp@0.34.5 (install: node install/check.js || npm run build)
2614 warn install-scripts   unrs-resolver@1.11.1 (postinstall: napi-postinstall unrs-resolver 1.11.1 check)
2614 warn install-scripts   workerd@1.20260515.1 (postinstall: node install.js)
2614 warn install-scripts   esbuild@0.27.3 (postinstall: node install.js)
2614 warn install-scripts
2614 warn install-scripts Run `npm install-scripts ls` to review, or `npm install-scripts approve <pkg>` to allow.
2615 verbose cwd C:\Users\user\Downloads\QTM-WEBSITE
2616 verbose os Windows_NT 10.0.26200
2617 verbose node v24.20.0
2618 verbose npm  v11.19.0
2619 verbose exit 0
2620 info ok
